town,source,price_usd,area_m2,usd_m2,ocean_view,gated,seen
atenas,encuentra24.com,65000,9980,6.5,unknown,unknown,2026-10-07
atenas,encuentra24.com,209713,27325,7.7,unknown,unknown,2026-10-07
atenas,encuentra24.com,165563,21198,7.8,unknown,unknown,2026-10-07
atenas,encuentra24.com,240000,30000,8.0,unknown,unknown,2026-10-07
atenas,encuentra24.com,85000,9895,8.6,unknown,unknown,2026-10-07
atenas,encuentra24.com,239000,21308,11.2,unknown,unknown,2026-10-07
atenas,encuentra24.com,80000,6946,11.5,unknown,unknown,2026-10-07
atenas,encuentra24.com,195000,16000,12.2,unknown,unknown,2026-10-07
atenas,encuentra24.com,77263,6103,12.7,unknown,unknown,2026-10-07
atenas,encuentra24.com,240000,14798,16.2,unknown,unknown,2026-10-07
atenas,encuentra24.com,141280,8488,16.6,unknown,unknown,2026-10-07
atenas,encuentra24.com,139000,8023,17.3,unknown,unknown,2026-10-07
atenas,encuentra24.com,99740,4987,20.0,unknown,unknown,2026-10-07
atenas,encuentra24.com,600000,30000,20.0,unknown,unknown,2026-10-07
atenas,encuentra24.com,119000,5760,20.7,unknown,yes,2026-10-07
atenas,encuentra24.com,145000,7000,20.7,unknown,unknown,2026-10-07
atenas,encuentra24.com,150000,7004,21.4,unknown,unknown,2026-10-07
atenas,encuentra24.com,160000,7032,22.8,unknown,yes,2026-10-07
atenas,encuentra24.com,169000,7042,24.0,unknown,unknown,2026-10-07
atenas,encuentra24.com,179000,7310,24.5,unknown,unknown,2026-10-07
atenas,encuentra24.com,175000,7000,25.0,unknown,yes,2026-10-07
atenas,encuentra24.com,120000,4757,25.2,unknown,unknown,2026-10-07
atenas,encuentra24.com,210000,6650,31.6,unknown,unknown,2026-10-07
atenas,encuentra24.com,198000,6080,32.6,unknown,unknown,2026-10-07
atenas,encuentra24.com,290000,8223,35.3,unknown,unknown,2026-10-07
atenas,encuentra24.com,47000,1269,37.0,unknown,unknown,2026-10-07
atenas,encuentra24.com,279000,7228,38.6,unknown,unknown,2026-10-07
atenas,encuentra24.com,169000,3906,43.3,unknown,unknown,2026-10-07
atenas,encuentra24.com,883002,19824,44.5,unknown,unknown,2026-10-07
atenas,encuentra24.com,400000,8837,45.3,unknown,unknown,2026-10-07
atenas,encuentra24.com,55000,1200,45.8,unknown,unknown,2026-10-07
atenas,encuentra24.com,52500,1009,52.0,unknown,unknown,2026-10-07
atenas,encuentra24.com,169000,3138,53.9,unknown,unknown,2026-10-07
atenas,encuentra24.com,92715,1550,59.8,unknown,unknown,2026-10-07
atenas,encuentra24.com,89500,1374,65.1,unknown,unknown,2026-10-07
atenas,encuentra24.com,364238,5378,67.7,unknown,unknown,2026-10-07
atenas,encuentra24.com,149260,2195,68.0,unknown,unknown,2026-10-07
atenas,encuentra24.com,77000,1100,70.0,unknown,unknown,2026-10-07
atenas,encuentra24.com,70000,999,70.1,unknown,unknown,2026-10-07
atenas,encuentra24.com,75000,1001,74.9,unknown,unknown,2026-10-07
atenas,encuentra24.com,78294,1044,75.0,unknown,unknown,2026-10-07
atenas,encuentra24.com,91950,1226,75.0,unknown,unknown,2026-10-07
atenas,encuentra24.com,77000,999,77.1,unknown,unknown,2026-10-07
atenas,encuentra24.com,176600,2000,88.3,unknown,unknown,2026-10-07
atenas,encuentra24.com,150000,1559,96.2,unknown,unknown,2026-10-07
atenas,encuentra24.com,193500,1935,100.0,unknown,unknown,2026-10-07
atenas,encuentra24.com,72848,632,115.3,unknown,unknown,2026-10-07
atenas,encuentra24.com,87500,600,145.8,unknown,unknown,2026-10-07
atenas,encuentra24.com,80000,500,160.0,unknown,unknown,2026-10-07
atenas,encuentra24.com,331126,1700,194.8,unknown,unknown,2026-10-07
atenas,encuentra24.com,64018,326,196.4,unknown,unknown,2026-10-07
atenas,encuentra24.com,121413,500,242.8,unknown,unknown,2026-10-07
atenas,encuentra24.com,145000,500,290.0,unknown,unknown,2026-10-07
atenas,encuentra24.com,176600,350,504.6,unknown,unknown,2026-10-07
escazu,encuentra24.com,547280,13682,40.0,unknown,unknown,2026-10-07
escazu,encuentra24.com,1310000,21787,60.1,unknown,unknown,2026-10-07
escazu,encuentra24.com,570000,9250,61.6,unknown,unknown,2026-10-07
escazu,encuentra24.com,280000,4200,66.7,unknown,unknown,2026-10-07
escazu,encuentra24.com,2200000,9716,226.4,unknown,unknown,2026-10-07
escazu,encuentra24.com,391000,1564,250.0,unknown,unknown,2026-10-07
escazu,encuentra24.com,342900,1371,250.1,unknown,unknown,2026-10-07
escazu,encuentra24.com,700000,2640,265.1,unknown,unknown,2026-10-07
escazu,encuentra24.com,475000,1436,330.8,unknown,unknown,2026-10-07
escazu,encuentra24.com,130243,329,395.9,unknown,unknown,2026-10-07
escazu,encuentra24.com,468000,1170,400.0,unknown,unknown,2026-10-07
escazu,encuentra24.com,470000,1170,401.7,unknown,unknown,2026-10-07
escazu,encuentra24.com,189845,471,403.1,unknown,unknown,2026-10-07
escazu,encuentra24.com,141280,329,429.4,unknown,unknown,2026-10-07
escazu,encuentra24.com,353201,800,441.5,unknown,unknown,2026-10-07
escazu,encuentra24.com,108168,240,450.7,unknown,yes,2026-10-07
escazu,encuentra24.com,380000,819,464.0,unknown,unknown,2026-10-07
escazu,encuentra24.com,132450,281,471.4,unknown,unknown,2026-10-07
escazu,encuentra24.com,166250,350,475.0,unknown,yes,2026-10-07
escazu,encuentra24.com,265000,508,521.6,unknown,unknown,2026-10-07
escazu,encuentra24.com,188962,352,536.8,unknown,yes,2026-10-07
escazu,encuentra24.com,228000,400,570.0,unknown,unknown,2026-10-07
escazu,encuentra24.com,126000,191,659.7,unknown,yes,2026-10-07
escazu,encuentra24.com,1332000,1600,832.5,unknown,unknown,2026-10-07
escazu,encuentra24.com,3290000,1898,1733.4,unknown,unknown,2026-10-07
escazu,encuentra24.com,57750000,303,190594.1,unknown,unknown,2026-10-07
escazu,encuentra24.com,250000,16572,15.1,unknown,unknown,2026-10-07
escazu,encuentra24.com,680000,27711,24.5,unknown,unknown,2026-10-07
escazu,encuentra24.com,350000,14000,25.0,unknown,unknown,2026-10-07
escazu,encuentra24.com,1200000,40665,29.5,unknown,unknown,2026-10-07
escazu,encuentra24.com,180000,5540,32.5,unknown,unknown,2026-10-07
escazu,encuentra24.com,284120,7103,40.0,unknown,unknown,2026-10-07
escazu,encuentra24.com,441501,10000,44.1,unknown,unknown,2026-10-07
escazu,encuentra24.com,200000,3513,56.9,unknown,unknown,2026-10-07
escazu,encuentra24.com,210000,3500,60.0,unknown,unknown,2026-10-07
escazu,encuentra24.com,540000,8917,60.6,unknown,unknown,2026-10-07
escazu,encuentra24.com,315000,5184,60.8,unknown,unknown,2026-10-07
escazu,encuentra24.com,260000,4122,63.1,unknown,unknown,2026-10-07
escazu,encuentra24.com,527007,8108,65.0,unknown,unknown,2026-10-07
escazu,encuentra24.com,230000,3514,65.5,unknown,unknown,2026-10-07
escazu,encuentra24.com,201720,2460,82.0,unknown,unknown,2026-10-07
escazu,encuentra24.com,202950,2475,82.0,unknown,unknown,2026-10-07
escazu,encuentra24.com,415763,4891,85.0,unknown,unknown,2026-10-07
escazu,encuentra24.com,1330000,13992,95.0,unknown,unknown,2026-10-07
escazu,encuentra24.com,610500,5550,110.0,unknown,unknown,2026-10-07
escazu,encuentra24.com,271965,2240,121.4,unknown,unknown,2026-10-07
escazu,encuentra24.com,1030000,8240,125.0,unknown,unknown,2026-10-07
escazu,encuentra24.com,178808,1076,166.2,unknown,unknown,2026-10-07
escazu,encuentra24.com,187638,1000,187.6,unknown,unknown,2026-10-07
escazu,encuentra24.com,275000,1300,211.5,unknown,unknown,2026-10-07
escazu,encuentra24.com,165000,680,242.7,unknown,unknown,2026-10-07
escazu,encuentra24.com,230684,872,264.6,unknown,unknown,2026-10-07
escazu,encuentra24.com,198675,680,292.2,unknown,unknown,2026-10-07
escazu,encuentra24.com,173289,548,316.2,unknown,unknown,2026-10-07
escazu,encuentra24.com,121413,376,322.9,unknown,unknown,2026-10-07
escazu,encuentra24.com,115894,332,349.1,unknown,unknown,2026-10-07
escazu,encuentra24.com,121413,303,400.7,unknown,unknown,2026-10-07
escazu,encuentra24.com,300000,9860,30.4,unknown,unknown,2026-10-07
escazu,encuentra24.com,385000,7780,49.5,unknown,unknown,2026-10-07
escazu,encuentra24.com,350000,4790,73.1,unknown,unknown,2026-10-07
escazu,encuentra24.com,395000,5177,76.3,unknown,unknown,2026-10-07
escazu,encuentra24.com,465930,5177,90.0,unknown,unknown,2026-10-07
escazu,encuentra24.com,155100,1410,110.0,unknown,unknown,2026-10-07
escazu,encuentra24.com,167310,1521,110.0,unknown,unknown,2026-10-07
escazu,encuentra24.com,163790,1489,110.0,unknown,unknown,2026-10-07
escazu,encuentra24.com,675000,5875,114.9,unknown,unknown,2026-10-07
escazu,encuentra24.com,180000,1521,118.3,unknown,unknown,2026-10-07
escazu,encuentra24.com,573000,4584,125.0,unknown,yes,2026-10-07
escazu,encuentra24.com,195000,1489,131.0,unknown,unknown,2026-10-07
escazu,encuentra24.com,295000,1950,151.3,unknown,unknown,2026-10-07
escazu,encuentra24.com,375000,2257,166.2,unknown,unknown,2026-10-07
escazu,encuentra24.com,200000,1004,199.2,unknown,unknown,2026-10-07
escazu,encuentra24.com,2153000,10765,200.0,unknown,unknown,2026-10-07
escazu,encuentra24.com,345000,1711,201.6,unknown,unknown,2026-10-07
escazu,encuentra24.com,154525,740,208.8,unknown,unknown,2026-10-07
escazu,encuentra24.com,189000,898,210.5,unknown,yes,2026-10-07
escazu,encuentra24.com,139000,655,212.2,unknown,yes,2026-10-07
escazu,encuentra24.com,370000,1392,265.8,unknown,unknown,2026-10-07
escazu,encuentra24.com,189000,661,285.9,unknown,unknown,2026-10-07
escazu,encuentra24.com,400000,1341,298.3,unknown,unknown,2026-10-07
escazu,encuentra24.com,334500,1115,300.0,unknown,unknown,2026-10-07
escazu,encuentra24.com,215000,695,309.4,unknown,unknown,2026-10-07
escazu,encuentra24.com,390000,1174,332.2,unknown,unknown,2026-10-07
escazu,encuentra24.com,270000,795,339.6,unknown,unknown,2026-10-07
escazu,encuentra24.com,340000,971,350.1,unknown,unknown,2026-10-07
escazu,encuentra24.com,350000,908,385.5,unknown,yes,2026-10-07
escazu,encuentra24.com,196468,485,405.1,unknown,unknown,2026-10-07
escazu,encuentra24.com,286976,700,410.0,unknown,unknown,2026-10-07
escazu,encuentra24.com,324503,700,463.6,unknown,unknown,2026-10-07
escazu,encuentra24.com,180000,367,490.5,unknown,unknown,2026-10-07
escazu,encuentra24.com,425000,850,500.0,unknown,yes,2026-10-07
escazu,encuentra24.com,262500,464,565.7,unknown,unknown,2026-10-07
escazu,encuentra24.com,192053,47131,4.1,unknown,unknown,2026-10-07
escazu,encuentra24.com,1800000,27862,64.6,unknown,unknown,2026-10-07
escazu,encuentra24.com,2500000,27862,89.7,unknown,unknown,2026-10-07
escazu,encuentra24.com,188000,1635,115.0,unknown,unknown,2026-10-07
escazu,encuentra24.com,264901,1750,151.4,unknown,unknown,2026-10-07
escazu,encuentra24.com,2342000,12554,186.6,unknown,unknown,2026-10-07
escazu,encuentra24.com,390750,1563,250.0,unknown,unknown,2026-10-07
escazu,encuentra24.com,165563,661,250.5,unknown,unknown,2026-10-07
escazu,encuentra24.com,1260000,4988,252.6,unknown,unknown,2026-10-07
escazu,encuentra24.com,304000,1167,260.4,unknown,unknown,2026-10-07
escazu,encuentra24.com,480000,1500,320.0,unknown,unknown,2026-10-07
escazu,encuentra24.com,370000,1043,354.8,unknown,unknown,2026-10-07
escazu,encuentra24.com,225000,600,375.0,unknown,unknown,2026-10-07
escazu,encuentra24.com,385000,1016,378.9,unknown,yes,2026-10-07
escazu,encuentra24.com,190000,500,380.0,unknown,unknown,2026-10-07
escazu,encuentra24.com,187638,478,392.6,unknown,unknown,2026-10-07
escazu,encuentra24.com,270000,683,395.3,unknown,unknown,2026-10-07
escazu,encuentra24.com,290000,718,403.8,unknown,yes,2026-10-07
escazu,encuentra24.com,136865,322,425.1,unknown,yes,2026-10-07
escazu,encuentra24.com,144592,329,439.5,unknown,unknown,2026-10-07
escazu,encuentra24.com,165000,352,468.8,unknown,yes,2026-10-07
escazu,encuentra24.com,760000,1600,475.0,unknown,unknown,2026-10-07
escazu,encuentra24.com,165000,338,488.2,unknown,unknown,2026-10-07
escazu,encuentra24.com,1200000,1850,648.6,unknown,unknown,2026-10-07
escazu,encuentra24.com,1500000,2156,695.7,unknown,unknown,2026-10-07
escazu,encuentra24.com,1286271,1838,700.0,unknown,unknown,2026-10-07
escazu,encuentra24.com,1100000,1397,787.4,unknown,unknown,2026-10-07
escazu,encuentra24.com,900000,700,1285.7,unknown,yes,2026-10-07
escazu,encuentra24.com,940000,305,3082.0,unknown,unknown,2026-10-07
flamingo,encuentra24.com,275000,16021,17.2,yes,unknown,2026-10-07
flamingo,encuentra24.com,900000,5000,180.0,yes,unknown,2026-10-07
flamingo,encuentra24.com,230000,813,282.8,unknown,yes,2026-10-07
flamingo,encuentra24.com,350000,608,575.7,unknown,unknown,2026-10-07
flamingo,encuentra24.com,148335,5261,28.2,unknown,yes,2026-10-07
flamingo,encuentra24.com,119000,909,130.9,unknown,unknown,2026-10-07
flamingo,encuentra24.com,105000,2609,40.2,unknown,unknown,2026-10-07
flamingo,encuentra24.com,150000,5000,30.0,unknown,unknown,2026-10-07
flamingo,encuentra24.com,269000,5040,53.4,yes,unknown,2026-10-07
flamingo,encuentra24.com,300000,5000,60.0,unknown,unknown,2026-10-07
flamingo,encuentra24.com,325000,1700,191.2,unknown,unknown,2026-10-07
flamingo,encuentra24.com,415000,1500,276.7,unknown,unknown,2026-10-07
flamingo,encuentra24.com,140000,504,277.8,unknown,unknown,2026-10-07
flamingo,encuentra24.com,2727900,9093,300.0,yes,unknown,2026-10-07
flamingo,encuentra24.com,1850000,5000,370.0,unknown,unknown,2026-10-07
flamingo,encuentra24.com,375000,824,455.0,unknown,unknown,2026-10-07
flamingo,encuentra24.com,220000,480,458.3,unknown,unknown,2026-10-07
heredia,encuentra24.com,395143,913,432.8,unknown,unknown,2026-10-07
heredia,encuentra24.com,94923,160,593.3,unknown,yes,2026-10-07
heredia,encuentra24.com,551876,808,683.0,unknown,unknown,2026-10-07
heredia,encuentra24.com,270000,961,281.0,unknown,unknown,2026-10-07
heredia,encuentra24.com,240000,814,294.8,unknown,unknown,2026-10-07
heredia,encuentra24.com,163000,521,312.9,unknown,unknown,2026-10-07
heredia,encuentra24.com,190000,588,323.1,unknown,unknown,2026-10-07
heredia,encuentra24.com,3087000,7715,400.1,unknown,unknown,2026-10-07
heredia,encuentra24.com,969475,1939,500.0,unknown,unknown,2026-10-07
heredia,encuentra24.com,264901,600,441.5,unknown,yes,2026-10-07
heredia,encuentra24.com,1485000,3000,495.0,unknown,unknown,2026-10-07
heredia,encuentra24.com,150000,243,617.3,unknown,yes,2026-10-07
heredia,encuentra24.com,164459,249,660.5,unknown,unknown,2026-10-07
heredia,encuentra24.com,238411,294,810.9,unknown,unknown,2026-10-07
heredia,encuentra24.com,375276,349,1075.3,unknown,unknown,2026-10-07
heredia,encuentra24.com,800000,678,1179.9,unknown,unknown,2026-10-07
heredia,encuentra24.com,1400000,896,1562.5,unknown,unknown,2026-10-07
heredia,encuentra24.com,104857,226,464.0,unknown,yes,2026-10-07
heredia,encuentra24.com,198675,381,521.5,unknown,unknown,2026-10-07
heredia,encuentra24.com,5800000,5800,1000.0,unknown,unknown,2026-10-07
heredia,encuentra24.com,152500,24419,6.2,unknown,yes,2026-10-07
heredia,encuentra24.com,2861100,19074,150.0,unknown,unknown,2026-10-07
heredia,encuentra24.com,3250000,13000,250.0,unknown,unknown,2026-10-07
heredia,encuentra24.com,245000,751,326.2,unknown,yes,2026-10-07
heredia,encuentra24.com,152500,244,625.0,unknown,yes,2026-10-07
heredia,encuentra24.com,209713,306,685.3,unknown,yes,2026-10-07
heredia,encuentra24.com,209713,305,687.6,unknown,yes,2026-10-07
heredia,encuentra24.com,288060,4801,60.0,unknown,unknown,2026-10-07
heredia,encuentra24.com,408960,5112,80.0,unknown,unknown,2026-10-07
jaco,encuentra24.com,86000,5021,17.1,yes,unknown,2026-10-07
jaco,encuentra24.com,972990,21622,45.0,unknown,unknown,2026-10-07
jaco,encuentra24.com,106960,764,140.0,unknown,unknown,2026-10-07
jaco,encuentra24.com,107660,769,140.0,unknown,unknown,2026-10-07
jaco,encuentra24.com,955200,6368,150.0,unknown,unknown,2026-10-07
jaco,encuentra24.com,197000,925,213.0,unknown,unknown,2026-10-07
jaco,encuentra24.com,100000,442,226.2,unknown,unknown,2026-10-07
jaco,encuentra24.com,1568100,5228,299.9,unknown,unknown,2026-10-07
jaco,encuentra24.com,69000,200,345.0,unknown,unknown,2026-10-07
jaco,encuentra24.com,420000,1103,380.8,unknown,unknown,2026-10-07
jaco,encuentra24.com,68000,166,409.6,unknown,yes,2026-10-07
jaco,encuentra24.com,7200000,15000,480.0,unknown,unknown,2026-10-07
jaco,encuentra24.com,83000,169,491.1,unknown,yes,2026-10-07
jaco,encuentra24.com,84989,160,531.2,unknown,yes,2026-10-07
jaco,encuentra24.com,1465200,2442,600.0,unknown,unknown,2026-10-07
jaco,encuentra24.com,409600,512,800.0,unknown,unknown,2026-10-07
jaco,encuentra24.com,170000,200,850.0,unknown,unknown,2026-10-07
jaco,encuentra24.com,3250000,3693,880.0,yes,unknown,2026-10-07
jaco,encuentra24.com,1325000,1077,1230.3,unknown,unknown,2026-10-07
jaco,encuentra24.com,65000,3465,18.8,unknown,unknown,2026-10-07
jaco,encuentra24.com,280000,5000,56.0,yes,unknown,2026-10-07
jaco,encuentra24.com,87900,1172,75.0,unknown,unknown,2026-10-07
jaco,encuentra24.com,85000,174,488.5,unknown,unknown,2026-10-07
jaco,encuentra24.com,81678,5000,16.3,unknown,unknown,2026-10-07
jaco,encuentra24.com,50662,1925,26.3,unknown,unknown,2026-10-07
jaco,encuentra24.com,50993,1928,26.4,unknown,unknown,2026-10-07
jaco,encuentra24.com,41722,1208,34.5,unknown,unknown,2026-10-07
jaco,encuentra24.com,110000,2962,37.1,unknown,unknown,2026-10-07
jaco,encuentra24.com,78699,2000,39.4,unknown,unknown,2026-10-07
jaco,encuentra24.com,85000,2027,41.9,yes,unknown,2026-10-07
jaco,encuentra24.com,450000,10075,44.7,unknown,unknown,2026-10-07
jaco,encuentra24.com,92715,1933,48.0,yes,unknown,2026-10-07
jaco,encuentra24.com,650000,6254,103.9,unknown,unknown,2026-10-07
jaco,encuentra24.com,81678,300,272.3,unknown,unknown,2026-10-07
jaco,encuentra24.com,175000,488,358.6,yes,yes,2026-10-07
jaco,encuentra24.com,155000,427,363.0,unknown,unknown,2026-10-07
jaco,encuentra24.com,110000,292,376.7,unknown,yes,2026-10-07
jaco,encuentra24.com,1465200,2484,589.9,unknown,unknown,2026-10-07
jaco,encuentra24.com,652000,579,1126.1,unknown,unknown,2026-10-07
jaco,encuentra24.com,699000,8183,85.4,unknown,unknown,2026-10-07
jaco,encuentra24.com,675000,4300,157.0,unknown,unknown,2026-10-07
jaco,encuentra24.com,150000,3578,41.9,unknown,unknown,2026-10-07
jaco,encuentra24.com,250000,3610,69.2,unknown,unknown,2026-10-07
jaco,encuentra24.com,300000,1285,233.5,unknown,unknown,2026-10-07
jaco,encuentra24.com,99338,287,346.1,unknown,yes,2026-10-07
jaco,encuentra24.com,76964,196,393.4,unknown,yes,2026-10-07
jaco,encuentra24.com,121413,287,423.0,unknown,yes,2026-10-07
jaco,encuentra24.com,99111,217,457.8,unknown,yes,2026-10-07
jaco,encuentra24.com,83982,177,474.5,unknown,yes,2026-10-07
jaco,encuentra24.com,150000,2492,60.2,unknown,yes,2026-10-07
jaco,encuentra24.com,68433,340,201.3,unknown,unknown,2026-10-07
jaco,encuentra24.com,54364,170,320.0,unknown,yes,2026-10-07
jaco,encuentra24.com,199000,5033,39.5,yes,unknown,2026-10-07
jaco,encuentra24.com,260000,5004,52.0,yes,unknown,2026-10-07
jaco,encuentra24.com,750000,7503,100.0,unknown,unknown,2026-10-07
jaco,encuentra24.com,115000,847,135.8,unknown,yes,2026-10-07
jaco,encuentra24.com,240000,1542,155.6,yes,unknown,2026-10-07
jaco,encuentra24.com,99000,550,180.0,unknown,unknown,2026-10-07
jaco,encuentra24.com,136770,641,213.4,unknown,unknown,2026-10-07
jaco,encuentra24.com,265725,1181,225.0,unknown,unknown,2026-10-07
jaco,encuentra24.com,182640,761,240.0,unknown,unknown,2026-10-07
jaco,encuentra24.com,650000,2597,250.3,unknown,unknown,2026-10-07
jaco,encuentra24.com,146152,582,251.1,unknown,unknown,2026-10-07
jaco,encuentra24.com,260000,952,273.1,unknown,unknown,2026-10-07
jaco,encuentra24.com,135911,476,285.5,unknown,unknown,2026-10-07
jaco,encuentra24.com,154013,522,295.0,unknown,unknown,2026-10-07
jaco,encuentra24.com,136770,460,297.3,unknown,unknown,2026-10-07
jaco,encuentra24.com,194260,643,301.9,unknown,unknown,2026-10-07
jaco,encuentra24.com,121413,533,227.8,unknown,yes,2026-10-07
jaco,encuentra24.com,83000,315,263.5,unknown,unknown,2026-10-07
jaco,encuentra24.com,129500,418,309.8,unknown,yes,2026-10-07
jaco,encuentra24.com,98000,307,319.2,unknown,unknown,2026-10-07
jaco,encuentra24.com,365000,29519,12.4,unknown,unknown,2026-10-07
jaco,encuentra24.com,198675,12996,15.3,unknown,unknown,2026-10-07
jaco,encuentra24.com,326711,17577,18.6,unknown,unknown,2026-10-07
jaco,encuentra24.com,250000,7392,33.8,unknown,unknown,2026-10-07
liberia,encuentra24.com,90000,5236,17.2,unknown,unknown,2026-10-07
liberia,encuentra24.com,121413,3516,34.5,unknown,unknown,2026-10-07
liberia,encuentra24.com,150110,1350,111.2,unknown,unknown,2026-10-07
liberia,encuentra24.com,400000,931,429.6,unknown,unknown,2026-10-07
liberia,encuentra24.com,125828,1626,77.4,unknown,unknown,2026-10-07
liberia,encuentra24.com,25166,200,125.8,unknown,unknown,2026-10-07
liberia,encuentra24.com,46358,1000,46.4,unknown,unknown,2026-10-07
liberia,encuentra24.com,20000,1215,16.5,unknown,unknown,2026-10-07
liberia,encuentra24.com,215000,11170,19.2,unknown,unknown,2026-10-07
liberia,encuentra24.com,350000,14700,23.8,unknown,unknown,2026-10-07
liberia,encuentra24.com,39735,930,42.7,unknown,unknown,2026-10-07
liberia,encuentra24.com,235000,5334,44.1,unknown,unknown,2026-10-07
liberia,encuentra24.com,61810,1000,61.8,unknown,unknown,2026-10-07
liberia,encuentra24.com,77263,1070,72.2,unknown,unknown,2026-10-07
liberia,encuentra24.com,126720,1584,80.0,unknown,unknown,2026-10-07
liberia,encuentra24.com,83885,1000,83.9,unknown,unknown,2026-10-07
liberia,encuentra24.com,253863,3000,84.6,unknown,unknown,2026-10-07
liberia,encuentra24.com,100000,1000,100.0,unknown,unknown,2026-10-07
liberia,encuentra24.com,37528,342,109.7,unknown,unknown,2026-10-07
liberia,encuentra24.com,110375,911,121.2,unknown,unknown,2026-10-07
liberia,encuentra24.com,108168,375,288.4,unknown,yes,2026-10-07
nosara,encuentra24.com,339000,11837,28.6,unknown,unknown,2026-10-07
nosara,encuentra24.com,280000,5251,53.3,unknown,unknown,2026-10-07
nosara,encuentra24.com,2800000,31184,89.8,yes,unknown,2026-10-07
nosara,encuentra24.com,250000,1500,166.7,unknown,unknown,2026-10-07
nosara,encuentra24.com,230000,895,257.0,unknown,unknown,2026-10-07
nosara,encuentra24.com,165000,5179,31.9,unknown,unknown,2026-10-07
nosara,encuentra24.com,475000,5000,95.0,unknown,unknown,2026-10-07
nosara,encuentra24.com,740000,6116,121.0,unknown,unknown,2026-10-07
nosara,encuentra24.com,1200000,1594,752.8,yes,unknown,2026-10-07
nosara,encuentra24.com,198675,10644,18.7,unknown,unknown,2026-10-07
nosara,encuentra24.com,385000,9730,39.6,unknown,unknown,2026-10-07
nosara,encuentra24.com,340000,1645,206.7,unknown,yes,2026-10-07
nosara,encuentra24.com,154525,25214,6.1,unknown,unknown,2026-10-07
nosara,encuentra24.com,130000,5847,22.2,unknown,unknown,2026-10-07
nosara,encuentra24.com,420000,1290,325.6,yes,unknown,2026-10-07
papagayo,encuentra24.com,121500,10109,12.0,unknown,unknown,2026-10-07
papagayo,encuentra24.com,39735,960,41.4,unknown,unknown,2026-10-07
papagayo,encuentra24.com,105000,878,119.6,unknown,yes,2026-10-07
papagayo,encuentra24.com,150000,878,170.8,yes,yes,2026-10-07
papagayo,encuentra24.com,90000,9015,10.0,unknown,unknown,2026-10-07
playa-grande,encuentra24.com,559000,12000,46.6,unknown,unknown,2026-10-07
playa-grande,encuentra24.com,159000,1853,85.8,unknown,unknown,2026-10-07
playa-grande,encuentra24.com,385000,3384,113.8,unknown,yes,2026-10-07
playa-grande,encuentra24.com,135000,1087,124.2,unknown,unknown,2026-10-07
playa-grande,encuentra24.com,149000,800,186.2,unknown,unknown,2026-10-07
playa-grande,encuentra24.com,365000,1012,360.7,unknown,yes,2026-10-07
playa-grande,encuentra24.com,400000,880,454.6,unknown,yes,2026-10-07
playa-grande,encuentra24.com,499000,800,623.8,unknown,unknown,2026-10-07
playa-grande,encuentra24.com,400000,5895,67.8,unknown,unknown,2026-10-07
playa-grande,encuentra24.com,249000,2700,92.2,unknown,unknown,2026-10-07
playa-grande,encuentra24.com,119000,909,130.9,unknown,unknown,2026-10-07
playa-grande,encuentra24.com,239000,1625,147.1,unknown,unknown,2026-10-07
playa-grande,encuentra24.com,249000,1202,207.2,unknown,yes,2026-10-07
playa-grande,encuentra24.com,475000,1540,308.4,unknown,yes,2026-10-07
playa-grande,encuentra24.com,699000,19830,35.2,yes,unknown,2026-10-07
playa-grande,encuentra24.com,349000,5420,64.4,unknown,yes,2026-10-07
playa-grande,encuentra24.com,395000,7300,54.1,unknown,unknown,2026-10-07
playa-grande,encuentra24.com,139000,1644,84.5,unknown,unknown,2026-10-07
playa-grande,encuentra24.com,99990,901,111.0,unknown,unknown,2026-10-07
playa-grande,encuentra24.com,399990,3146,127.1,unknown,unknown,2026-10-07
playa-grande,encuentra24.com,129000,1009,127.8,unknown,unknown,2026-10-07
playa-grande,encuentra24.com,110000,607,181.2,unknown,unknown,2026-10-07
playa-grande,encuentra24.com,99990,461,216.9,unknown,unknown,2026-10-07
playa-negra,encuentra24.com,95000,7542,12.6,unknown,unknown,2026-10-07
playa-negra,encuentra24.com,159000,5027,31.6,yes,unknown,2026-10-07
playa-negra,encuentra24.com,250000,5000,50.0,unknown,unknown,2026-10-07
playa-negra,encuentra24.com,140000,2000,70.0,unknown,unknown,2026-10-07
playa-negra,encuentra24.com,155000,1000,155.0,unknown,unknown,2026-10-07
playa-negra,encuentra24.com,50000,215,232.6,unknown,unknown,2026-10-07
playas-del-coco,encuentra24.com,290000,3096,93.7,unknown,yes,2026-10-07
playas-del-coco,encuentra24.com,255000,2513,101.5,yes,unknown,2026-10-07
playas-del-coco,encuentra24.com,350000,2780,125.9,unknown,unknown,2026-10-07
playas-del-coco,encuentra24.com,470000,3424,137.3,unknown,unknown,2026-10-07
playas-del-coco,encuentra24.com,200000,822,243.3,unknown,unknown,2026-10-07
playas-del-coco,encuentra24.com,230000,922,249.5,unknown,unknown,2026-10-07
playas-del-coco,encuentra24.com,436000,1744,250.0,unknown,unknown,2026-10-07
playas-del-coco,encuentra24.com,89000,286,311.2,unknown,unknown,2026-10-07
playas-del-coco,encuentra24.com,155000,478,324.3,unknown,unknown,2026-10-07
playas-del-coco,encuentra24.com,100000,5000,20.0,unknown,unknown,2026-10-07
playas-del-coco,encuentra24.com,139000,5000,27.8,unknown,unknown,2026-10-07
playas-del-coco,encuentra24.com,290000,5823,49.8,unknown,unknown,2026-10-07
playas-del-coco,encuentra24.com,476000,6801,70.0,unknown,unknown,2026-10-07
playas-del-coco,encuentra24.com,720000,6836,105.3,unknown,unknown,2026-10-07
playas-del-coco,encuentra24.com,448500,2990,150.0,unknown,unknown,2026-10-07
playas-del-coco,encuentra24.com,59603,300,198.7,unknown,unknown,2026-10-07
playas-del-coco,encuentra24.com,116998,405,288.9,unknown,yes,2026-10-07
playas-del-coco,encuentra24.com,560000,1149,487.4,yes,unknown,2026-10-07
playas-del-coco,encuentra24.com,650000,4136,157.2,unknown,unknown,2026-10-07
playas-del-coco,encuentra24.com,1007000,4028,250.0,unknown,unknown,2026-10-07
playas-del-coco,encuentra24.com,200000,703,284.5,unknown,unknown,2026-10-07
playas-del-coco,encuentra24.com,100000,334,299.8,unknown,unknown,2026-10-07
playas-del-coco,encuentra24.com,180000,3795,47.4,unknown,unknown,2026-10-07
playas-del-coco,encuentra24.com,65000,823,79.0,unknown,unknown,2026-10-07
playas-del-coco,encuentra24.com,121413,1322,91.8,unknown,unknown,2026-10-07
playas-del-coco,encuentra24.com,136865,702,195.0,unknown,unknown,2026-10-07
playas-del-coco,encuentra24.com,500000,1014,493.1,unknown,unknown,2026-10-07
puerto-viejo,encuentra24.com,112192,6519,17.2,unknown,yes,2026-10-07
puerto-viejo,encuentra24.com,350000,43400,8.1,unknown,unknown,2026-10-07
puerto-viejo,encuentra24.com,75000,3000,25.0,unknown,unknown,2026-10-07
puerto-viejo,encuentra24.com,130000,3188,40.8,unknown,unknown,2026-10-07
puerto-viejo,encuentra24.com,150000,5000,30.0,unknown,yes,2026-10-07
puerto-viejo,encuentra24.com,132450,5000,26.5,unknown,unknown,2026-10-07
puerto-viejo,encuentra24.com,264901,10000,26.5,unknown,unknown,2026-10-07
puerto-viejo,encuentra24.com,64570,1000,64.6,unknown,unknown,2026-10-07
puerto-viejo,encuentra24.com,240000,3000,80.0,unknown,unknown,2026-10-07
puerto-viejo,encuentra24.com,280000,2500,112.0,unknown,unknown,2026-10-07
samara,encuentra24.com,983000,13107,75.0,unknown,unknown,2026-10-07
samara,encuentra24.com,90000,1199,75.1,unknown,unknown,2026-10-07
samara,encuentra24.com,77263,1000,77.3,unknown,unknown,2026-10-07
samara,encuentra24.com,90000,1001,89.9,unknown,unknown,2026-10-07
samara,encuentra24.com,148000,1455,101.7,unknown,yes,2026-10-07
samara,encuentra24.com,110000,1001,109.9,unknown,unknown,2026-10-07
samara,encuentra24.com,66225,500,132.4,unknown,unknown,2026-10-07
samara,encuentra24.com,50000,800,62.5,yes,unknown,2026-10-07
samara,encuentra24.com,135000,750,180.0,unknown,yes,2026-10-07
santa-ana,encuentra24.com,250000,3334,75.0,unknown,yes,2026-10-07
santa-ana,encuentra24.com,299000,1397,214.0,unknown,unknown,2026-10-07
santa-ana,encuentra24.com,1650000,7154,230.6,unknown,unknown,2026-10-07
santa-ana,encuentra24.com,2500000,10000,250.0,unknown,unknown,2026-10-07
santa-ana,encuentra24.com,160000,613,261.0,unknown,unknown,2026-10-07
santa-ana,encuentra24.com,214200,623,343.8,unknown,yes,2026-10-07
santa-ana,encuentra24.com,292250,835,350.0,unknown,yes,2026-10-07
santa-ana,encuentra24.com,515000,1429,360.4,unknown,yes,2026-10-07
santa-ana,encuentra24.com,495000,1079,458.8,unknown,yes,2026-10-07
santa-ana,encuentra24.com,515000,1079,477.3,unknown,unknown,2026-10-07
santa-ana,encuentra24.com,382080,796,480.0,unknown,yes,2026-10-07
santa-ana,encuentra24.com,350000,726,482.1,unknown,yes,2026-10-07
santa-ana,encuentra24.com,382400,772,495.3,unknown,yes,2026-10-07
santa-ana,encuentra24.com,300000,600,500.0,unknown,yes,2026-10-07
santa-ana,encuentra24.com,310000,615,504.1,unknown,yes,2026-10-07
santa-ana,encuentra24.com,319000,613,520.4,unknown,yes,2026-10-07
santa-ana,encuentra24.com,360000,621,579.7,unknown,yes,2026-10-07
santa-ana,encuentra24.com,355580,4741,75.0,unknown,unknown,2026-10-07
santa-ana,encuentra24.com,200000,1762,113.5,unknown,unknown,2026-10-07
santa-ana,encuentra24.com,1886024,13472,140.0,unknown,unknown,2026-10-07
santa-ana,encuentra24.com,95000,626,151.8,unknown,unknown,2026-10-07
santa-ana,encuentra24.com,230000,1162,197.9,unknown,unknown,2026-10-07
santa-ana,encuentra24.com,220000,1000,220.0,unknown,unknown,2026-10-07
santa-ana,encuentra24.com,165000,740,223.0,unknown,unknown,2026-10-07
santa-ana,encuentra24.com,298013,1082,275.4,unknown,unknown,2026-10-07
santa-ana,encuentra24.com,342163,1216,281.4,unknown,unknown,2026-10-07
santa-ana,encuentra24.com,309051,965,320.3,unknown,unknown,2026-10-07
santa-ana,encuentra24.com,220000,621,354.3,unknown,yes,2026-10-07
santa-ana,encuentra24.com,235000,650,361.5,unknown,yes,2026-10-07
santa-ana,encuentra24.com,585000,1465,399.3,unknown,unknown,2026-10-07
santa-ana,encuentra24.com,125000,285,438.6,unknown,yes,2026-10-07
santa-ana,encuentra24.com,450000,842,534.4,unknown,yes,2026-10-07
santa-ana,encuentra24.com,295000,10754,27.4,unknown,unknown,2026-10-07
santa-ana,encuentra24.com,387000,7166,54.0,unknown,yes,2026-10-07
santa-ana,encuentra24.com,550000,10000,55.0,unknown,unknown,2026-10-07
santa-ana,encuentra24.com,753090,6276,120.0,unknown,unknown,2026-10-07
santa-ana,encuentra24.com,3375000,27000,125.0,unknown,unknown,2026-10-07
santa-ana,encuentra24.com,310080,3876,80.0,unknown,yes,2026-10-07
santa-ana,encuentra24.com,400000,4790,83.5,unknown,yes,2026-10-07
santa-ana,encuentra24.com,275000,3252,84.6,unknown,yes,2026-10-07
santa-ana,encuentra24.com,1995000,21842,91.3,unknown,unknown,2026-10-07
santa-ana,encuentra24.com,287000,2612,109.9,unknown,yes,2026-10-07
santa-ana,encuentra24.com,805560,6713,120.0,unknown,unknown,2026-10-07
santa-ana,encuentra24.com,300000,2000,150.0,unknown,unknown,2026-10-07
santa-ana,encuentra24.com,882450,5883,150.0,unknown,unknown,2026-10-07
santa-ana,encuentra24.com,217337,1358,160.0,unknown,unknown,2026-10-07
santa-ana,encuentra24.com,309051,1700,181.8,unknown,unknown,2026-10-07
santa-ana,encuentra24.com,494000,2600,190.0,unknown,unknown,2026-10-07
santa-ana,encuentra24.com,700000,3600,194.4,unknown,unknown,2026-10-07
santa-ana,encuentra24.com,235000,1162,202.2,unknown,yes,2026-10-07
santa-ana,encuentra24.com,125000,562,222.4,unknown,unknown,2026-10-07
santa-ana,encuentra24.com,112583,505,222.9,unknown,unknown,2026-10-07
santa-ana,encuentra24.com,225000,955,235.6,unknown,unknown,2026-10-07
santa-ana,encuentra24.com,155000,626,247.6,unknown,yes,2026-10-07
santa-ana,encuentra24.com,280000,1121,249.8,unknown,unknown,2026-10-07
santa-ana,encuentra24.com,150000,581,258.2,unknown,unknown,2026-10-07
santa-ana,encuentra24.com,169000,626,270.0,unknown,yes,2026-10-07
santa-ana,encuentra24.com,185000,648,285.5,unknown,unknown,2026-10-07
santa-ana,encuentra24.com,128035,448,286.1,unknown,unknown,2026-10-07
santa-ana,encuentra24.com,315000,1078,292.2,unknown,unknown,2026-10-07
santa-ana,encuentra24.com,300000,1000,300.0,unknown,unknown,2026-10-07
santa-ana,encuentra24.com,267050,835,319.8,unknown,yes,2026-10-07
santa-ana,encuentra24.com,514000,1469,350.0,unknown,unknown,2026-10-07
santa-ana,encuentra24.com,218050,623,350.0,unknown,yes,2026-10-07
santa-ana,encuentra24.com,5500000,14147,388.8,unknown,unknown,2026-10-07
santa-ana,encuentra24.com,196308,494,397.4,unknown,yes,2026-10-07
santa-ana,encuentra24.com,699500,1640,426.5,unknown,yes,2026-10-07
santa-ana,encuentra24.com,1140040,2591,440.0,unknown,unknown,2026-10-07
santa-ana,encuentra24.com,736650,1637,450.0,unknown,yes,2026-10-07
santa-ana,encuentra24.com,210000,456,460.5,unknown,yes,2026-10-07
santa-ana,encuentra24.com,289000,600,481.7,unknown,yes,2026-10-07
santa-ana,encuentra24.com,265000,512,517.6,unknown,yes,2026-10-07
santa-ana,encuentra24.com,525000,966,543.5,unknown,yes,2026-10-07
santa-ana,encuentra24.com,940716,1650,570.0,unknown,yes,2026-10-07
santa-ana,encuentra24.com,225000,307,732.9,unknown,yes,2026-10-07
santa-ana,encuentra24.com,138000,160,862.5,unknown,yes,2026-10-07
santa-ana,encuentra24.com,140000,160,875.0,unknown,yes,2026-10-07
santa-ana,encuentra24.com,5339000,5339,1000.0,unknown,unknown,2026-10-07
santa-ana,encuentra24.com,6500000,5339,1217.5,unknown,unknown,2026-10-07
santa-ana,encuentra24.com,630000,7000,90.0,unknown,unknown,2026-10-07
santa-ana,encuentra24.com,284000,2584,109.9,unknown,unknown,2026-10-07
santa-ana,encuentra24.com,217120,1888,115.0,unknown,unknown,2026-10-07
santa-ana,encuentra24.com,156885,1207,130.0,unknown,yes,2026-10-07
santa-ana,encuentra24.com,1500000,11500,130.4,unknown,unknown,2026-10-07
santa-ana,encuentra24.com,273500,2004,136.5,unknown,unknown,2026-10-07
santa-ana,encuentra24.com,250000,1725,144.9,unknown,yes,2026-10-07
santa-ana,encuentra24.com,6660000,45922,145.0,unknown,unknown,2026-10-07
santa-ana,encuentra24.com,218050,890,245.0,unknown,yes,2026-10-07
santa-ana,encuentra24.com,175000,648,270.1,unknown,unknown,2026-10-07
santa-ana,encuentra24.com,132450,465,284.8,unknown,unknown,2026-10-07
santa-ana,encuentra24.com,125000,377,331.6,unknown,unknown,2026-10-07
santa-ana,encuentra24.com,76159,162,470.1,unknown,yes,2026-10-07
santa-ana,encuentra24.com,92715,175,529.8,unknown,yes,2026-10-07
santa-ana,encuentra24.com,585000,6780,86.3,unknown,unknown,2026-10-07
santa-ana,encuentra24.com,680000,6758,100.6,unknown,unknown,2026-10-07
santa-ana,encuentra24.com,210000,2000,105.0,unknown,unknown,2026-10-07
santa-ana,encuentra24.com,215000,1820,118.1,unknown,unknown,2026-10-07
santa-ana,encuentra24.com,4000000,33440,119.6,unknown,unknown,2026-10-07
santa-ana,encuentra24.com,3500000,21770,160.8,unknown,unknown,2026-10-07
santa-ana,encuentra24.com,215000,1291,166.5,unknown,unknown,2026-10-07
santa-ana,encuentra24.com,1300000,5000,260.0,unknown,unknown,2026-10-07
santa-ana,encuentra24.com,289000,1071,269.8,unknown,unknown,2026-10-07
santa-ana,encuentra24.com,1100000,4000,275.0,unknown,unknown,2026-10-07
santa-ana,encuentra24.com,264901,906,292.4,unknown,unknown,2026-10-07
santa-ana,encuentra24.com,251200,628,400.0,unknown,yes,2026-10-07
santa-ana,encuentra24.com,2200000,5204,422.8,unknown,unknown,2026-10-07
santa-ana,encuentra24.com,1800000,3700,486.5,unknown,unknown,2026-10-07
santa-ana,encuentra24.com,1000000,1886,530.2,unknown,unknown,2026-10-07
santa-ana,encuentra24.com,238000,406,586.2,unknown,unknown,2026-10-07
santa-ana,encuentra24.com,145000,160,906.2,unknown,yes,2026-10-07
santa-ana,encuentra24.com,2462000,2462,1000.0,unknown,unknown,2026-10-07
santa-ana,encuentra24.com,243000,237,1025.3,unknown,yes,2026-10-07
santa-ana,encuentra24.com,500000,18630,26.8,unknown,unknown,2026-10-07
santa-ana,encuentra24.com,370000,7834,47.2,unknown,unknown,2026-10-07
santa-ana,encuentra24.com,635388,12219,52.0,unknown,unknown,2026-10-07
santa-ana,encuentra24.com,239000,3195,74.8,unknown,unknown,2026-10-07
santa-ana,encuentra24.com,5510640,45922,120.0,unknown,unknown,2026-10-07
santa-ana,encuentra24.com,125000,1002,124.8,unknown,yes,2026-10-07
santa-ana,encuentra24.com,200000,1485,134.7,unknown,yes,2026-10-07
santa-ana,encuentra24.com,132000,960,137.5,unknown,unknown,2026-10-07
santa-ana,encuentra24.com,360000,2606,138.1,unknown,yes,2026-10-07
santa-ana,encuentra24.com,528600,3524,150.0,unknown,unknown,2026-10-07
santa-ana,encuentra24.com,547650,3651,150.0,unknown,yes,2026-10-07
santa-ana,encuentra24.com,285000,1725,165.2,unknown,unknown,2026-10-07
santa-ana,encuentra24.com,1200000,7167,167.4,unknown,yes,2026-10-07
santa-ana,encuentra24.com,320000,1875,170.7,unknown,yes,2026-10-07
santa-ana,encuentra24.com,499000,2495,200.0,unknown,unknown,2026-10-07
santa-ana,encuentra24.com,795000,3975,200.0,unknown,unknown,2026-10-07
santa-ana,encuentra24.com,490000,2450,200.0,unknown,unknown,2026-10-07
santa-ana,encuentra24.com,800000,3976,201.2,unknown,unknown,2026-10-07
santa-ana,encuentra24.com,410000,2000,205.0,unknown,unknown,2026-10-07
santa-ana,encuentra24.com,345000,1651,208.9,unknown,unknown,2026-10-07
santa-ana,encuentra24.com,210000,1000,210.0,unknown,unknown,2026-10-07
santa-ana,encuentra24.com,220000,975,225.6,unknown,unknown,2026-10-07
santa-ana,encuentra24.com,163000,652,250.0,unknown,yes,2026-10-07
santa-ana,encuentra24.com,304250,1217,250.0,unknown,unknown,2026-10-07
santa-ana,encuentra24.com,200000,775,258.1,unknown,yes,2026-10-07
santa-ana,encuentra24.com,169000,650,260.0,unknown,unknown,2026-10-07
santa-ana,encuentra24.com,194250,630,308.3,unknown,yes,2026-10-07
santa-ana,encuentra24.com,218000,660,330.3,unknown,yes,2026-10-07
santa-ana,encuentra24.com,233175,650,358.7,unknown,yes,2026-10-07
santa-ana,encuentra24.com,240000,660,363.6,unknown,yes,2026-10-07
santa-ana,encuentra24.com,255000,660,386.4,unknown,yes,2026-10-07
santa-ana,encuentra24.com,178000,458,388.6,unknown,yes,2026-10-07
santa-ana,encuentra24.com,268000,670,400.0,unknown,yes,2026-10-07
santa-ana,encuentra24.com,286976,643,446.3,unknown,unknown,2026-10-07
santa-ana,encuentra24.com,265000,3334,79.5,unknown,unknown,2026-10-07
santa-ana,encuentra24.com,4000000,40632,98.4,unknown,unknown,2026-10-07
santa-ana,encuentra24.com,260000,2000,130.0,unknown,unknown,2026-10-07
santa-ana,encuentra24.com,1250000,8459,147.8,unknown,unknown,2026-10-07
santa-ana,encuentra24.com,325000,2002,162.3,unknown,unknown,2026-10-07
santa-ana,encuentra24.com,250000,1333,187.6,unknown,unknown,2026-10-07
santa-ana,encuentra24.com,2696000,13480,200.0,unknown,unknown,2026-10-07
santa-ana,encuentra24.com,770500,3852,200.0,unknown,unknown,2026-10-07
santa-ana,encuentra24.com,1750000,7830,223.5,unknown,unknown,2026-10-07
santa-ana,encuentra24.com,165000,718,229.8,unknown,unknown,2026-10-07
santa-ana,encuentra24.com,231788,899,257.8,unknown,unknown,2026-10-07
santa-ana,encuentra24.com,225000,758,296.8,unknown,yes,2026-10-07
santa-ana,encuentra24.com,298013,965,308.8,unknown,unknown,2026-10-07
santa-ana,encuentra24.com,1200000,3852,311.5,unknown,unknown,2026-10-07
santa-ana,encuentra24.com,165000,494,334.0,unknown,yes,2026-10-07
santa-ana,encuentra24.com,149000,428,348.1,unknown,yes,2026-10-07
santa-ana,encuentra24.com,800000,2286,350.0,unknown,yes,2026-10-07
santa-ana,encuentra24.com,650000,1783,364.6,unknown,unknown,2026-10-07
santa-ana,encuentra24.com,165000,450,366.7,unknown,yes,2026-10-07
santa-ana,encuentra24.com,180000,458,393.0,unknown,yes,2026-10-07
santa-ana,encuentra24.com,164339,416,395.0,unknown,yes,2026-10-07
santa-ana,encuentra24.com,250000,628,398.1,unknown,yes,2026-10-07
santa-ana,encuentra24.com,383000,958,399.8,unknown,yes,2026-10-07
santa-ana,encuentra24.com,383096,957,400.3,unknown,yes,2026-10-07
santa-ana,encuentra24.com,300000,725,413.8,unknown,yes,2026-10-07
santa-ana,encuentra24.com,736740,1637,450.1,unknown,yes,2026-10-07
santa-ana,encuentra24.com,300000,657,456.6,unknown,yes,2026-10-07
santa-ana,encuentra24.com,200000,420,476.2,unknown,yes,2026-10-07
santa-ana,encuentra24.com,200000,348,574.7,unknown,yes,2026-10-07
santa-ana,encuentra24.com,371100,513,723.4,unknown,yes,2026-10-07
santa-ana,encuentra24.com,433300,572,757.5,unknown,yes,2026-10-07
santa-ana,encuentra24.com,358720,454,790.1,unknown,unknown,2026-10-07
santa-teresa,encuentra24.com,765000,15055,50.8,yes,unknown,2026-10-07
santa-teresa,encuentra24.com,335000,5179,64.7,unknown,unknown,2026-10-07
santa-teresa,encuentra24.com,380000,5000,76.0,yes,unknown,2026-10-07
santa-teresa,encuentra24.com,450000,5000,90.0,yes,unknown,2026-10-07
santa-teresa,encuentra24.com,350000,3112,112.5,unknown,unknown,2026-10-07
santa-teresa,encuentra24.com,1449000,11260,128.7,yes,unknown,2026-10-07
santa-teresa,encuentra24.com,650000,5000,130.0,unknown,unknown,2026-10-07
santa-teresa,encuentra24.com,170000,1160,146.6,unknown,unknown,2026-10-07
santa-teresa,encuentra24.com,125000,548,228.1,unknown,unknown,2026-10-07
santa-teresa,encuentra24.com,5000000,19767,252.9,unknown,unknown,2026-10-07
santa-teresa,encuentra24.com,280000,1068,262.2,unknown,unknown,2026-10-07
santa-teresa,encuentra24.com,260000,903,287.9,unknown,unknown,2026-10-07
santa-teresa,encuentra24.com,295000,971,303.8,unknown,unknown,2026-10-07
santa-teresa,encuentra24.com,3300000,3383,975.5,unknown,unknown,2026-10-07
santa-teresa,encuentra24.com,836000,31774,26.3,unknown,unknown,2026-10-07
santa-teresa,encuentra24.com,200000,5000,40.0,unknown,unknown,2026-10-07
santa-teresa,encuentra24.com,275000,5291,52.0,yes,unknown,2026-10-07
santa-teresa,encuentra24.com,255000,2600,98.1,unknown,unknown,2026-10-07
santa-teresa,encuentra24.com,1400000,10000,140.0,yes,unknown,2026-10-07
santa-teresa,encuentra24.com,1250000,5016,249.2,yes,unknown,2026-10-07
santa-teresa,encuentra24.com,450000,1180,381.4,yes,unknown,2026-10-07
santa-teresa,encuentra24.com,500000,1264,395.6,yes,unknown,2026-10-07
santa-teresa,encuentra24.com,210000,3991,52.6,unknown,unknown,2026-10-07
santa-teresa,encuentra24.com,2850000,8826,322.9,yes,unknown,2026-10-07
santa-teresa,encuentra24.com,333000,9800,34.0,unknown,unknown,2026-10-07
santa-teresa,encuentra24.com,220000,3160,69.6,yes,unknown,2026-10-07
santa-teresa,encuentra24.com,280000,8741,32.0,unknown,unknown,2026-10-07
santa-teresa,encuentra24.com,180000,5000,36.0,unknown,unknown,2026-10-07
santa-teresa,encuentra24.com,275000,6693,41.1,unknown,unknown,2026-10-07
santa-teresa,encuentra24.com,114000,1626,70.1,unknown,unknown,2026-10-07
santa-teresa,encuentra24.com,109000,1492,73.1,unknown,unknown,2026-10-07
santa-teresa,encuentra24.com,115000,1000,115.0,unknown,unknown,2026-10-07
santa-teresa,encuentra24.com,337500,2500,135.0,yes,unknown,2026-10-07
santa-teresa,encuentra24.com,176600,473,373.4,unknown,unknown,2026-10-07
santa-teresa,encuentra24.com,200000,3926,50.9,yes,unknown,2026-10-07
santa-teresa,encuentra24.com,1500000,28700,52.3,yes,unknown,2026-10-07
santa-teresa,encuentra24.com,450000,6304,71.4,unknown,unknown,2026-10-07
santa-teresa,encuentra24.com,139000,900,154.4,unknown,unknown,2026-10-07
santa-teresa,encuentra24.com,525000,400,1312.5,unknown,unknown,2026-10-07
santa-teresa,encuentra24.com,320000,5501,58.2,yes,yes,2026-10-07
tamarindo,encuentra24.com,180000,5000,36.0,unknown,unknown,2026-10-07
tamarindo,encuentra24.com,280000,2120,132.1,unknown,unknown,2026-10-07
tamarindo,encuentra24.com,176000,705,249.7,unknown,unknown,2026-10-07
tamarindo,encuentra24.com,197000,785,251.0,unknown,unknown,2026-10-07
tamarindo,encuentra24.com,245000,900,272.2,unknown,yes,2026-10-07
tamarindo,encuentra24.com,450000,1200,375.0,unknown,unknown,2026-10-07
tamarindo,encuentra24.com,275000,575,478.3,unknown,yes,2026-10-07
tamarindo,encuentra24.com,275000,526,522.8,unknown,unknown,2026-10-07
tamarindo,encuentra24.com,320000,560,571.4,unknown,unknown,2026-10-07
tamarindo,encuentra24.com,349000,557,626.6,yes,yes,2026-10-07
tamarindo,encuentra24.com,599000,907,660.4,yes,yes,2026-10-07
tamarindo,encuentra24.com,135000,5000,27.0,unknown,unknown,2026-10-07
tamarindo,encuentra24.com,430950,14365,30.0,unknown,unknown,2026-10-07
tamarindo,encuentra24.com,460000,2013,228.5,unknown,unknown,2026-10-07
tamarindo,encuentra24.com,211875,565,375.0,unknown,unknown,2026-10-07
tamarindo,encuentra24.com,155000,400,387.5,unknown,yes,2026-10-07
tamarindo,encuentra24.com,125000,5477,22.8,unknown,yes,2026-10-07
tamarindo,encuentra24.com,229000,2827,81.0,unknown,unknown,2026-10-07
tamarindo,encuentra24.com,600000,25000,24.0,yes,unknown,2026-10-07
tamarindo,encuentra24.com,150000,2424,61.9,unknown,unknown,2026-10-07
tamarindo,encuentra24.com,80000,1000,80.0,unknown,unknown,2026-10-07
tamarindo,encuentra24.com,199000,6746,29.5,yes,unknown,2026-10-07
tamarindo,encuentra24.com,193920,4848,40.0,unknown,unknown,2026-10-07
tamarindo,encuentra24.com,110375,2011,54.9,unknown,unknown,2026-10-07
tamarindo,encuentra24.com,220000,460,478.3,unknown,unknown,2026-10-07
tamarindo,encuentra24.com,115000,2828,40.7,unknown,unknown,2026-10-07
tamarindo,encuentra24.com,132450,2828,46.8,unknown,unknown,2026-10-07
tamarindo,encuentra24.com,77500,564,137.4,unknown,unknown,2026-10-07
tamarindo,encuentra24.com,80000,250,320.0,unknown,yes,2026-10-07
tamarindo,encuentra24.com,588000,1455,404.1,unknown,yes,2026-10-07
tamarindo,encuentra24.com,551000,1313,419.6,unknown,yes,2026-10-07
tamarindo,encuentra24.com,579000,1283,451.3,unknown,yes,2026-10-07
tamarindo,encuentra24.com,110000,2828,38.9,unknown,unknown,2026-10-07
tamarindo,encuentra24.com,305000,224,1361.6,unknown,unknown,2026-10-07
tamarindo,encuentra24.com,70000,1027,68.2,unknown,unknown,2026-10-07
tamarindo,encuentra24.com,36990,300,123.3,unknown,unknown,2026-10-07
tamarindo,encuentra24.com,150000,6218,24.1,unknown,yes,2026-10-07
tamarindo,encuentra24.com,499000,5066,98.5,yes,yes,2026-10-07
tamarindo,encuentra24.com,249000,3788,65.7,unknown,unknown,2026-10-07
tamarindo,encuentra24.com,111000,1200,92.5,unknown,yes,2026-10-07
tamarindo,encuentra24.com,129990,860,151.2,unknown,unknown,2026-10-07
uvita,encuentra24.com,240000,6805,35.3,unknown,yes,2026-10-07
uvita,encuentra24.com,264000,5267,50.1,unknown,yes,2026-10-07
uvita,encuentra24.com,280000,4240,66.0,unknown,yes,2026-10-07
uvita,encuentra24.com,280000,3573,78.4,unknown,yes,2026-10-07
tamarindo,remax-oceansurf-cr.com,1129000,1415,797.9,unknown,yes,2026-10-07
tamarindo,remax-oceansurf-cr.com,1120000,1390,805.8,unknown,yes,2026-10-07
tamarindo,remax-oceansurf-cr.com,995000,1260,789.7,unknown,yes,2026-10-07
tamarindo,remax-oceansurf-cr.com,995000,1297,767.2,unknown,yes,2026-10-07
tamarindo,2costaricarealestate.com,995000,1000,995.0,unknown,unknown,2026-10-07
tamarindo,2costaricarealestate.com,995000,1400,710.7,yes,unknown,2026-10-07
tamarindo,remax-oceansurf-cr.com,990000,1167,848.3,unknown,yes,2026-10-07
tamarindo,remax-oceansurf-cr.com,964000,1070,900.9,unknown,yes,2026-10-07
tamarindo,remax-oceansurf-cr.com,947000,1114,850.1,unknown,yes,2026-10-07
tamarindo,remax-oceansurf-cr.com,938000,1042,900.2,unknown,yes,2026-10-07
tamarindo,remax-oceansurf-cr.com,880000,1077,817.1,unknown,yes,2026-10-07
tamarindo,remax-oceansurf-cr.com,847000,1059,799.8,unknown,yes,2026-10-07
tamarindo,remax-oceansurf-cr.com,795000,1006,790.3,unknown,yes,2026-10-07
tamarindo,coldwellbankercr.com,599000,781,767.0,unknown,unknown,2026-10-07
tamarindo,coldwellbankercr.com,565000,488,1157.8,unknown,unknown,2026-10-07
tamarindo,century21costarica.com,450000,781,576.2,unknown,unknown,2026-10-07
tamarindo,century21costarica.com,290000,1595,181.8,unknown,unknown,2026-10-07
tamarindo,coldwellbankercr.com,289000,3009,96.0,yes,unknown,2026-10-07
tamarindo,remax-oceansurf-cr.com,281500,639,440.5,unknown,yes,2026-10-07
tamarindo,remax-oceansurf-cr.com,278500,632,440.5,unknown,yes,2026-10-07
tamarindo,remax-oceansurf-cr.com,277200,630,440.0,unknown,yes,2026-10-07
tamarindo,remax-oceansurf-cr.com,253800,540,470.0,unknown,yes,2026-10-07
tamarindo,remax-oceansurf-cr.com,248500,540,460.2,unknown,yes,2026-10-07
tamarindo,remax-oceansurf-cr.com,247000,536,460.5,unknown,yes,2026-10-07
tamarindo,remax-oceansurf-cr.com,245500,533,460.3,unknown,yes,2026-10-07
tamarindo,remax-oceansurf-cr.com,241500,525,460.1,unknown,yes,2026-10-07
tamarindo,century21costarica.com,239000,2371,100.8,unknown,unknown,2026-10-07
tamarindo,remax-oceansurf-cr.com,234350,509,460.0,unknown,yes,2026-10-07
tamarindo,remax-oceansurf-cr.com,223000,495,450.3,unknown,yes,2026-10-07
tamarindo,remax-oceansurf-cr.com,220000,468,470.3,unknown,yes,2026-10-07
tamarindo,remax-oceansurf-cr.com,220000,510,431.4,unknown,yes,2026-10-07
tamarindo,flamingobeachrealty.com,100000,943,106.0,unknown,unknown,2026-10-07
tamarindo,flamingobeachrealty.com,9200000,12887,713.9,unknown,unknown,2026-10-07
tamarindo,flamingobeachrealty.com,7800000,15001,520.0,unknown,unknown,2026-10-07
tamarindo,coldwellbankercr.com,3500000,7103,492.7,yes,yes,2026-10-07
tamarindo,flamingobeachrealty.com,3484296,7741,450.1,unknown,unknown,2026-10-07
tamarindo,2costaricarealestate.com,2950000,1940,1520.6,unknown,unknown,2026-10-07
tamarindo,tamarindorealestate.com,2295000,1578,1454.1,yes,unknown,2026-10-07
tamarindo,flamingobeachrealty.com,2295000,7573,303.1,unknown,unknown,2026-10-07
tamarindo,coldwellbankercr.com,1995000,3711,537.6,yes,unknown,2026-10-07
tamarindo,2costaricarealestate.com,1698795,48000,35.4,yes,unknown,2026-10-07
tamarindo,2costaricarealestate.com,1495000,2060,725.7,yes,yes,2026-10-07
tamarindo,century21costarica.com,1395000,2221,628.1,yes,unknown,2026-10-07
tamarindo,remax-oceansurf-cr.com,1275000,7145,178.4,yes,yes,2026-10-07
tamarindo,century21costarica.com,1249000,1462,854.3,yes,unknown,2026-10-07
tamarindo,remax-oceansurf-cr.com,1200000,1358,883.4,yes,yes,2026-10-07
tamarindo,remax-oceansurf-cr.com,1200000,1967,610.0,yes,yes,2026-10-07
tamarindo,remax-oceansurf-cr.com,1200000,1394,861.1,yes,yes,2026-10-07
tamarindo,tamarindorealestate.com,1145000,1539,744.0,yes,yes,2026-10-07
tamarindo,remax-oceansurf-cr.com,1000000,1494,669.3,yes,yes,2026-10-07
tamarindo,tamarindorealestate.com,935000,2056,454.9,yes,yes,2026-10-07
tamarindo,coldwellbankercr.com,899000,1554,578.5,yes,yes,2026-10-07
tamarindo,century21costarica.com,799000,1419,563.1,unknown,unknown,2026-10-07
tamarindo,century21costarica.com,770000,7216,106.7,unknown,unknown,2026-10-07
tamarindo,remax-oceansurf-cr.com,750000,1410,531.9,yes,yes,2026-10-07
tamarindo,remax-oceansurf-cr.com,750000,2024,370.6,yes,yes,2026-10-07
tamarindo,century21costarica.com,750000,3193,234.9,unknown,unknown,2026-10-07
tamarindo,remax-oceansurf-cr.com,640000,2011,318.3,no,yes,2026-10-07
tamarindo,remax-oceansurf-cr.com,625000,989,632.0,yes,yes,2026-10-07
tamarindo,flamingobeachrealty.com,600000,25593,23.4,unknown,unknown,2026-10-07
tamarindo,coldwellbankercr.com,599000,1592,376.3,unknown,unknown,2026-10-07
tamarindo,century21costarica.com,599000,1201,498.8,yes,yes,2026-10-07
tamarindo,tamarindorealestate.com,549000,1897,289.4,yes,yes,2026-10-07
tamarindo,century21costarica.com,549000,1312,418.4,unknown,unknown,2026-10-07
tamarindo,remax-oceansurf-cr.com,499000,1813,275.3,yes,yes,2026-10-07
tamarindo,century21costarica.com,495000,525,942.6,yes,unknown,2026-10-07
tamarindo,remax-oceansurf-cr.com,450000,2645,170.1,no,yes,2026-10-07
tamarindo,remax-oceansurf-cr.com,440000,1540,285.7,yes,yes,2026-10-07
tamarindo,remax-oceansurf-cr.com,435000,1897,229.3,no,yes,2026-10-07
tamarindo,2costaricarealestate.com,435000,989,439.8,yes,unknown,2026-10-07
tamarindo,flamingobeachrealty.com,429000,983,436.4,unknown,yes,2026-10-07
tamarindo,coldwellbankercr.com,425000,888,478.6,unknown,yes,2026-10-07
tamarindo,century21costarica.com,399000,846,471.6,unknown,unknown,2026-10-07
tamarindo,century21costarica.com,399000,1185,336.8,unknown,unknown,2026-10-07
tamarindo,remax-oceansurf-cr.com,362250,690,525.0,unknown,no,2026-10-07
tamarindo,remax-oceansurf-cr.com,350000,1927,181.6,no,yes,2026-10-07
tamarindo,2costaricarealestate.com,335000,1735,193.1,unknown,yes,2026-10-07
tamarindo,remax-oceansurf-cr.com,327165,872,375.2,unknown,no,2026-10-07
tamarindo,remax-oceansurf-cr.com,306510,817,375.2,unknown,no,2026-10-07
tamarindo,2costaricarealestate.com,305000,450,677.8,yes,unknown,2026-10-07
tamarindo,tamarindorealestate.com,270000,899,300.5,unknown,yes,2026-10-07
tamarindo,remax-oceansurf-cr.com,264478,678,390.1,unknown,no,2026-10-07
tamarindo,remax-oceansurf-cr.com,260460,694,375.3,unknown,no,2026-10-07
tamarindo,remax-oceansurf-cr.com,256838,684,375.5,unknown,no,2026-10-07
tamarindo,century21costarica.com,249000,515,483.5,yes,unknown,2026-10-07
tamarindo,flamingobeachrealty.com,239000,1254,190.6,yes,unknown,2026-10-07
tamarindo,remax-oceansurf-cr.com,231375,617,375.0,unknown,no,2026-10-07
tamarindo,coldwellbankercr.com,230000,465,494.6,unknown,unknown,2026-10-07
tamarindo,remax-oceansurf-cr.com,216000,576,375.0,unknown,no,2026-10-07
tamarindo,remax-oceansurf-cr.com,214000,572,374.1,unknown,no,2026-10-07
tamarindo,remax-oceansurf-cr.com,199000,518,384.2,unknown,yes,2026-10-07
tamarindo,flamingobeachrealty.com,199000,1247,159.6,yes,unknown,2026-10-07
tamarindo,century21costarica.com,195000,1146,170.2,unknown,unknown,2026-10-07
tamarindo,century21costarica.com,189000,789,239.5,unknown,unknown,2026-10-07
tamarindo,2costaricarealestate.com,175000,10000,17.5,yes,unknown,2026-10-07
tamarindo,2costaricarealestate.com,149000,1957,76.1,unknown,unknown,2026-10-07
tamarindo,coldwellbankercr.com,140000,6414,21.8,unknown,unknown,2026-10-07
tamarindo,2costaricarealestate.com,139000,846,164.3,unknown,yes,2026-10-07
tamarindo,2costaricarealestate.com,139000,5087,27.3,unknown,yes,2026-10-07
tamarindo,2costaricarealestate.com,130000,891,145.9,unknown,unknown,2026-10-07
tamarindo,2costaricarealestate.com,125000,524,238.4,unknown,yes,2026-10-07
tamarindo,flamingobeachrealty.com,97500,1200,81.2,unknown,yes,2026-10-07
tamarindo,2costaricarealestate.com,75000,683,109.8,unknown,yes,2026-10-07
tamarindo,playanegrarealty.com,65000,1181,55.0,unknown,unknown,2026-10-07
playa-grande,remax-oceansurf-cr.com,1895000,1170,1619.7,no,yes,2026-10-07
playa-grande,remax-oceansurf-cr.com,1450000,1105,1312.2,no,yes,2026-10-07
playa-grande,remax-oceansurf-cr.com,999000,11350,88.0,yes,yes,2026-10-07
playa-grande,remax-oceansurf-cr.com,630000,3101,203.2,yes,yes,2026-10-07
playa-grande,remax-oceansurf-cr.com,590000,3546,166.4,yes,yes,2026-10-07
playa-grande,remax-oceansurf-cr.com,550000,2387,230.4,yes,yes,2026-10-07
playa-grande,remax-oceansurf-cr.com,550000,1917,286.9,yes,yes,2026-10-07
playa-grande,remax-oceansurf-cr.com,495000,2547,194.3,yes,yes,2026-10-07
playa-grande,remax-oceansurf-cr.com,475000,1554,305.7,yes,yes,2026-10-07
playa-grande,remax-oceansurf-cr.com,445000,1072,415.1,yes,yes,2026-10-07
playa-grande,remax-oceansurf-cr.com,425000,1728,245.9,yes,yes,2026-10-07
playa-grande,remax-oceansurf-cr.com,375000,1328,282.4,yes,yes,2026-10-07
playa-grande,remax-oceansurf-cr.com,350000,1801,194.3,no,yes,2026-10-07
playa-grande,remax-oceansurf-cr.com,335000,1169,286.6,yes,yes,2026-10-07
playa-grande,remax-oceansurf-cr.com,295000,1855,159.0,yes,yes,2026-10-07
playa-grande,remax-oceansurf-cr.com,275000,1584,173.6,yes,yes,2026-10-07
playa-grande,remax-oceansurf-cr.com,275000,3690,74.5,yes,yes,2026-10-07
playa-grande,remax-oceansurf-cr.com,245000,1370,178.8,yes,yes,2026-10-07
playa-grande,remax-oceansurf-cr.com,240000,1065,225.4,yes,yes,2026-10-07
playa-grande,remax-oceansurf-cr.com,230000,1450,158.6,no,yes,2026-10-07
playa-grande,remax-oceansurf-cr.com,220000,1113,197.7,no,yes,2026-10-07
playa-grande,remax-oceansurf-cr.com,205000,1053,194.7,no,yes,2026-10-07
playa-grande,remax-oceansurf-cr.com,199000,1010,197.0,no,yes,2026-10-07
playa-grande,remax-oceansurf-cr.com,195000,1081,180.4,no,yes,2026-10-07
playa-grande,coldwellbankercr.com,2500000,4542,550.4,yes,unknown,2026-10-07
playa-grande,coldwellbankercr.com,2500000,4414,566.4,yes,unknown,2026-10-07
playa-grande,2costaricarealestate.com,2300000,26000,88.5,unknown,unknown,2026-10-07
playa-grande,remax-oceansurf-cr.com,2175000,4351,499.9,unknown,yes,2026-10-07
playa-grande,coldwellbankercr.com,2000000,4614,433.5,yes,unknown,2026-10-07
playa-grande,2costaricarealestate.com,2000000,7082,282.4,unknown,unknown,2026-10-07
playa-grande,tamarindorealestate.com,1549000,2566,603.7,yes,yes,2026-10-07
playa-grande,flamingobeachrealty.com,1200000,4000,300.0,yes,unknown,2026-10-07
playa-grande,flamingobeachrealty.com,1115000,36916,30.2,unknown,unknown,2026-10-07
playa-grande,2costaricarealestate.com,1099000,855,1285.8,unknown,unknown,2026-10-07
playa-grande,century21costarica.com,890000,16095,55.3,unknown,unknown,2026-10-07
playa-grande,century21costarica.com,865000,7390,117.1,unknown,unknown,2026-10-07
playa-grande,flamingobeachrealty.com,850000,2921,291.0,yes,yes,2026-10-07
playa-grande,2costaricarealestate.com,725000,16095,45.0,yes,unknown,2026-10-07
playa-grande,tamarindorealestate.com,699000,1469,475.8,unknown,unknown,2026-10-07
playa-grande,century21costarica.com,675000,5708,118.3,yes,unknown,2026-10-07
playa-grande,flamingobeachrealty.com,620000,1627,381.1,yes,yes,2026-10-07
playa-grande,century21costarica.com,620000,1727,359.0,yes,unknown,2026-10-07
playa-grande,coldwellbankercr.com,599000,5014,119.5,yes,unknown,2026-10-07
playa-grande,tamarindorealestate.com,599000,1419,422.1,unknown,unknown,2026-10-07
playa-grande,flamingobeachrealty.com,599000,7702,77.8,unknown,yes,2026-10-07
playa-grande,century21costarica.com,580000,2805,206.8,unknown,unknown,2026-10-07
playa-grande,century21costarica.com,550000,1709,321.8,yes,unknown,2026-10-07
playa-grande,2costaricarealestate.com,549000,3420,160.5,yes,yes,2026-10-07
playa-grande,coldwellbankercr.com,538900,6798,79.3,yes,yes,2026-10-07
playa-grande,coldwellbankercr.com,520000,1979,262.8,yes,yes,2026-10-07
playa-grande,2costaricarealestate.com,499000,1208,413.2,yes,unknown,2026-10-07
playa-grande,2costaricarealestate.com,499000,5261,94.9,unknown,yes,2026-10-07
playa-grande,2costaricarealestate.com,439000,5059,86.8,unknown,unknown,2026-10-07
playa-grande,coldwellbankercr.com,377000,5032,74.9,unknown,unknown,2026-10-07
playa-grande,coldwellbankercr.com,375000,648,578.7,unknown,unknown,2026-10-07
playa-grande,tamarindorealestate.com,359000,1513,237.3,unknown,yes,2026-10-07
playa-grande,tamarindorealestate.com,350000,1755,199.4,yes,yes,2026-10-07
playa-grande,2costaricarealestate.com,349000,957,364.7,unknown,unknown,2026-10-07
playa-grande,flamingobeachrealty.com,340000,4004,84.9,unknown,unknown,2026-10-07
playa-grande,2costaricarealestate.com,340000,5059,67.2,unknown,unknown,2026-10-07
playa-grande,century21costarica.com,330000,2225,148.3,unknown,yes,2026-10-07
playa-grande,century21costarica.com,319990,1500,213.3,unknown,unknown,2026-10-07
playa-grande,flamingobeachrealty.com,299000,800,373.8,unknown,unknown,2026-10-07
playa-grande,flamingobeachrealty.com,295000,3030,97.4,unknown,unknown,2026-10-07
playa-grande,2costaricarealestate.com,280000,2220,126.1,unknown,yes,2026-10-07
playa-grande,coldwellbankercr.com,269000,1630,165.0,yes,yes,2026-10-07
playa-grande,2costaricarealestate.com,260000,1025,253.7,unknown,yes,2026-10-07
playa-grande,tamarindorealestate.com,259000,1138,227.6,unknown,yes,2026-10-07
playa-grande,century21costarica.com,259000,3388,76.4,unknown,unknown,2026-10-07
playa-grande,century21costarica.com,249990,713,350.6,unknown,unknown,2026-10-07
playa-grande,century21costarica.com,219000,1624,134.9,unknown,yes,2026-10-07
playa-grande,century21costarica.com,209000,1458,143.3,unknown,yes,2026-10-07
playa-grande,tamarindorealestate.com,195000,2153,90.6,yes,yes,2026-10-07
playa-grande,flamingobeachrealty.com,125000,1300,96.2,unknown,unknown,2026-10-07
playa-grande,century21costarica.com,110000,581,189.3,unknown,unknown,2026-10-07
playa-grande,flamingobeachrealty.com,109000,1009,108.0,unknown,unknown,2026-10-07
playa-grande,2costaricarealestate.com,109000,1500,72.7,unknown,yes,2026-10-07
playa-grande,2costaricarealestate.com,89000,840,106.0,unknown,unknown,2026-10-07
playa-negra,century21costarica.com,835000,1000,835.0,unknown,unknown,2026-10-07
playa-negra,coldwellbankercr.com,479000,15000,31.9,unknown,unknown,2026-10-07
playa-negra,coldwellbankercr.com,328000,2639,124.3,unknown,unknown,2026-10-07
playa-negra,century21costarica.com,289000,3376,85.6,unknown,unknown,2026-10-07
playa-negra,remax-oceansurf-cr.com,280000,5005,55.9,yes,yes,2026-10-07
playa-negra,coldwellbankercr.com,279000,2332,119.6,unknown,unknown,2026-10-07
playa-negra,tamarindorealestate.com,179000,5133,34.9,yes,unknown,2026-10-07
playa-negra,coldwellbankercr.com,170000,5000,34.0,unknown,unknown,2026-10-07
playa-negra,coldwellbankercr.com,165000,8372,19.7,yes,unknown,2026-10-07
playa-negra,coldwellbankercr.com,149900,1433,104.6,unknown,unknown,2026-10-07
playa-negra,flamingobeachrealty.com,119500,1196,99.9,unknown,unknown,2026-10-07
playa-negra,2costaricarealestate.com,119000,2200,54.1,unknown,unknown,2026-10-07
playa-negra,coldwellbankercr.com,99000,12758,7.8,unknown,unknown,2026-10-07
playa-negra,flamingobeachrealty.com,98500,3882,25.4,unknown,unknown,2026-10-07
playa-negra,playanegrarealty.com,80000,1296,61.7,unknown,unknown,2026-10-07
playa-negra,flamingobeachrealty.com,60000,7542,8.0,yes,unknown,2026-10-07
playa-negra,flamingobeachrealty.com,60000,15542,3.9,yes,unknown,2026-10-07
playa-negra,flamingobeachrealty.com,57000,945,60.3,unknown,unknown,2026-10-07
flamingo,century21costarica.com,2395000,701,3415.0,yes,unknown,2026-10-07
flamingo,century21costarica.com,2350000,983,2390.6,unknown,unknown,2026-10-07
flamingo,coldwellbankercr.com,1500000,1101,1362.4,yes,yes,2026-10-07
flamingo,flamingobeachrealty.com,1022000,12775,80.0,unknown,yes,2026-10-07
flamingo,century21costarica.com,590000,3783,156.0,unknown,unknown,2026-10-07
flamingo,coldwellbankercr.com,195000,3038,64.2,unknown,unknown,2026-10-07
flamingo,flamingobeachrealty.com,4500000,14773,304.6,unknown,yes,2026-10-07
flamingo,flamingobeachrealty.com,2500000,2283,1095.1,yes,unknown,2026-10-07
flamingo,coldwellbankercr.com,2200000,2566,857.4,yes,unknown,2026-10-07
flamingo,flamingobeachrealty.com,1875000,5000,375.0,yes,unknown,2026-10-07
flamingo,coldwellbankercr.com,1799900,19991,90.0,unknown,yes,2026-10-07
flamingo,century21costarica.com,1550000,900,1722.2,unknown,unknown,2026-10-07
flamingo,flamingobeachrealty.com,1450000,3070,472.3,unknown,unknown,2026-10-07
flamingo,coldwellbankercr.com,1150000,4315,266.5,yes,yes,2026-10-07
flamingo,flamingobeachrealty.com,995000,3940,252.5,unknown,unknown,2026-10-07
flamingo,flamingobeachrealty.com,995000,1642,606.0,unknown,unknown,2026-10-07
flamingo,century21costarica.com,750000,2043,367.1,yes,unknown,2026-10-07
flamingo,century21costarica.com,675000,3388,199.3,unknown,unknown,2026-10-07
flamingo,tamarindorealestate.com,545000,597,912.9,yes,unknown,2026-10-07
flamingo,flamingobeachrealty.com,399000,1413,282.4,yes,unknown,2026-10-07
flamingo,coldwellbankercr.com,375000,607,617.8,unknown,unknown,2026-10-07
flamingo,remax-oceansurf-cr.com,349000,1732,201.5,yes,yes,2026-10-07
flamingo,century21costarica.com,325000,851,381.9,yes,unknown,2026-10-07
flamingo,century21costarica.com,298000,1025,290.7,unknown,unknown,2026-10-07
flamingo,century21costarica.com,225000,863,260.7,unknown,unknown,2026-10-07
flamingo,century21costarica.com,225000,738,304.7,unknown,yes,2026-10-07
flamingo,century21costarica.com,225000,909,247.5,unknown,unknown,2026-10-07
flamingo,century21costarica.com,169990,455,373.6,unknown,unknown,2026-10-07
flamingo,century21costarica.com,2490000,5000,498.0,unknown,unknown,2026-10-07
flamingo,century21costarica.com,1390000,5000,278.0,unknown,unknown,2026-10-07
flamingo,century21costarica.com,890000,5039,176.6,unknown,unknown,2026-10-07
flamingo,century21costarica.com,750000,50000,15.0,unknown,unknown,2026-10-07
flamingo,century21costarica.com,599000,5004,119.7,yes,unknown,2026-10-07
flamingo,century21costarica.com,350000,7187,48.7,yes,yes,2026-10-07
flamingo,century21costarica.com,350000,8634,40.5,yes,yes,2026-10-07
flamingo,century21costarica.com,350000,11474,30.5,yes,yes,2026-10-07
flamingo,century21costarica.com,350000,7013,49.9,yes,yes,2026-10-07
flamingo,century21costarica.com,350000,8641,40.5,yes,yes,2026-10-07
flamingo,century21costarica.com,350000,8140,43.0,yes,yes,2026-10-07
flamingo,century21costarica.com,773,6713,0.1,yes,yes,2026-10-07
flamingo,century21costarica.com,3750000,980,3826.3,unknown,unknown,2026-10-07
flamingo,coldwellbankercr.com,1500000,8292,180.9,yes,unknown,2026-10-07
flamingo,century21costarica.com,1500000,1369,1095.7,unknown,unknown,2026-10-07
flamingo,coldwellbankercr.com,1095000,641,1708.3,yes,unknown,2026-10-07
flamingo,coldwellbankercr.com,1095000,1062,1031.1,yes,unknown,2026-10-07
flamingo,flamingobeachrealty.com,998000,745,1339.6,unknown,unknown,2026-10-07
flamingo,flamingobeachrealty.com,950000,9616,98.8,unknown,unknown,2026-10-07
flamingo,tamarindorealestate.com,900000,10452,86.1,unknown,unknown,2026-10-07
flamingo,century21costarica.com,850000,10000,85.0,yes,unknown,2026-10-07
flamingo,century21costarica.com,599000,1492,401.5,unknown,unknown,2026-10-07
flamingo,century21costarica.com,499000,7010,71.2,yes,unknown,2026-10-07
flamingo,flamingobeachrealty.com,450000,1902,236.6,yes,unknown,2026-10-07
flamingo,flamingobeachrealty.com,395000,14233,27.8,unknown,yes,2026-10-07
flamingo,century21costarica.com,375000,6807,55.1,yes,unknown,2026-10-07
flamingo,century21costarica.com,359000,540,664.8,unknown,unknown,2026-10-07
flamingo,flamingobeachrealty.com,350000,1632,214.4,yes,unknown,2026-10-07
flamingo,century21costarica.com,350000,5000,70.0,yes,unknown,2026-10-07
flamingo,century21costarica.com,349000,2000,174.5,unknown,unknown,2026-10-07
flamingo,coldwellbankercr.com,299000,5144,58.1,yes,unknown,2026-10-07
flamingo,flamingobeachrealty.com,295000,5000,59.0,yes,yes,2026-10-07
flamingo,coldwellbankercr.com,285000,5035,56.6,yes,unknown,2026-10-07
flamingo,century21costarica.com,275000,468,587.6,unknown,unknown,2026-10-07
flamingo,flamingobeachrealty.com,250000,938,266.5,unknown,unknown,2026-10-07
flamingo,century21costarica.com,250000,5227,47.8,unknown,unknown,2026-10-07
flamingo,flamingobeachrealty.com,249000,5000,49.8,yes,unknown,2026-10-07
flamingo,flamingobeachrealty.com,230000,1000,230.0,unknown,unknown,2026-10-07
flamingo,flamingobeachrealty.com,225000,4122,54.6,yes,unknown,2026-10-07
flamingo,century21costarica.com,205000,385,532.5,unknown,unknown,2026-10-07
flamingo,flamingobeachrealty.com,199900,8300,24.1,yes,unknown,2026-10-07
flamingo,flamingobeachrealty.com,195000,6558,29.7,yes,unknown,2026-10-07
flamingo,century21costarica.com,195000,5000,39.0,unknown,unknown,2026-10-07
flamingo,flamingobeachrealty.com,175000,5318,32.9,unknown,unknown,2026-10-07
flamingo,century21costarica.com,175000,5058,34.6,yes,unknown,2026-10-07
flamingo,century21costarica.com,175000,500,350.0,unknown,unknown,2026-10-07
flamingo,flamingobeachrealty.com,170000,714,238.1,unknown,unknown,2026-10-07
flamingo,century21costarica.com,164900,480,343.6,unknown,unknown,2026-10-07
flamingo,century21costarica.com,160000,594,269.2,unknown,unknown,2026-10-07
flamingo,flamingobeachrealty.com,149000,508,293.3,unknown,unknown,2026-10-07
flamingo,flamingobeachrealty.com,149000,5000,29.8,unknown,unknown,2026-10-07
flamingo,century21costarica.com,145000,2000,72.5,unknown,unknown,2026-10-07
flamingo,century21costarica.com,131600,940,140.0,unknown,unknown,2026-10-07
flamingo,flamingobeachrealty.com,125000,1138,109.8,unknown,unknown,2026-10-07
flamingo,century21costarica.com,125000,573,218.1,unknown,unknown,2026-10-07
flamingo,flamingobeachrealty.com,110000,1000,110.0,unknown,unknown,2026-10-07
flamingo,century21costarica.com,89500,740,120.9,unknown,yes,2026-10-07
flamingo,coldwellbankercr.com,59000,424,139.2,unknown,unknown,2026-10-07
flamingo,remax-oceansurf-cr.com,459000,9070,50.6,yes,yes,2026-10-07
playas-del-coco,playasdelcocoproperty.com,195000,924,211.0,unknown,unknown,2026-10-07
playas-del-coco,playasdelcocoproperty.com,150000,604,248.3,unknown,unknown,2026-10-07
playas-del-coco,playasdelcocoproperty.com,125000,755,165.6,unknown,unknown,2026-10-07
playas-del-coco,playasdelcocoproperty.com,99000,783,126.4,unknown,unknown,2026-10-07
playas-del-coco,flamingobeachrealty.com,349000,3129,111.5,yes,unknown,2026-10-07
playas-del-coco,coldwellbankercr.com,290000,7356,39.4,yes,yes,2026-10-07
playas-del-coco,playasdelcocoproperty.com,257000,8940,28.7,yes,yes,2026-10-07
playas-del-coco,palmrealestatecr.com,139000,561,247.8,unknown,no,2026-10-07
playas-del-coco,palmrealestatecr.com,137000,558,245.5,unknown,no,2026-10-07
playas-del-coco,palmrealestatecr.com,135000,556,242.8,unknown,no,2026-10-07
playas-del-coco,century21costarica.com,124000,944,131.4,unknown,unknown,2026-10-07
playas-del-coco,palmrealestatecr.com,115000,466,246.8,unknown,no,2026-10-07
playas-del-coco,flamingobeachrealty.com,1500000,3850,389.6,unknown,unknown,2026-10-07
playas-del-coco,playasdelcocoproperty.com,1500000,5059,296.5,yes,unknown,2026-10-07
playas-del-coco,playasdelcocoproperty.com,985000,6880,143.2,unknown,unknown,2026-10-07
playas-del-coco,playasdelcocoproperty.com,799000,2566,311.4,yes,yes,2026-10-07
playas-del-coco,coldwellbankercr.com,775000,3771,205.5,yes,unknown,2026-10-07
playas-del-coco,century21costarica.com,730000,4777,152.8,unknown,unknown,2026-10-07
playas-del-coco,playasdelcocoproperty.com,675000,1011,667.7,yes,yes,2026-10-07
playas-del-coco,playasdelcocoproperty.com,540000,5312,101.7,yes,yes,2026-10-07
playas-del-coco,century21costarica.com,540000,5132,105.2,yes,unknown,2026-10-07
playas-del-coco,coldwellbankercr.com,499000,3736,133.6,unknown,unknown,2026-10-07
playas-del-coco,playasdelcocoproperty.com,450000,792,568.5,yes,yes,2026-10-07
playas-del-coco,playasdelcocoproperty.com,399000,5267,75.8,yes,yes,2026-10-07
playas-del-coco,playasdelcocoproperty.com,385000,1200,320.8,yes,yes,2026-10-07
playas-del-coco,playasdelcocoproperty.com,350000,791,442.5,yes,yes,2026-10-07
playas-del-coco,century21costarica.com,350000,5182,67.5,yes,unknown,2026-10-07
playas-del-coco,playasdelcocoproperty.com,349000,984,354.7,yes,yes,2026-10-07
playas-del-coco,playasdelcocoproperty.com,320000,5666,56.5,yes,yes,2026-10-07
playas-del-coco,playasdelcocoproperty.com,299000,4103,72.9,unknown,unknown,2026-10-07
playas-del-coco,playasdelcocoproperty.com,299000,856,349.3,yes,yes,2026-10-07
playas-del-coco,coldwellbankercr.com,284900,692,411.7,yes,no,2026-10-07
playas-del-coco,playasdelcocoproperty.com,275000,1675,164.2,unknown,unknown,2026-10-07
playas-del-coco,flamingobeachrealty.com,249000,756,329.4,yes,yes,2026-10-07
playas-del-coco,century21costarica.com,180000,612,294.1,unknown,unknown,2026-10-07
playas-del-coco,playasdelcocoproperty.com,100000,492,203.3,unknown,unknown,2026-10-07
playas-del-coco,century21costarica.com,98000,475,206.3,unknown,unknown,2026-10-07
playas-del-coco,coldwellbankercr.com,2750000,44482,61.8,unknown,unknown,2026-10-07
playas-del-coco,flamingobeachrealty.com,1500000,6522,230.0,yes,yes,2026-10-07
playas-del-coco,flamingobeachrealty.com,1000000,6500,153.8,yes,yes,2026-10-07
playas-del-coco,century21costarica.com,1000000,2700,370.4,unknown,unknown,2026-10-07
playas-del-coco,playasdelcocoproperty.com,749000,3250,230.5,yes,yes,2026-10-07
playas-del-coco,playasdelcocoproperty.com,550000,1194,460.6,yes,yes,2026-10-07
playas-del-coco,coldwellbankercr.com,500000,20000,25.0,unknown,yes,2026-10-07
playas-del-coco,playasdelcocoproperty.com,500000,1041,480.3,yes,yes,2026-10-07
playas-del-coco,playasdelcocoproperty.com,460000,1520,302.6,yes,yes,2026-10-07
playas-del-coco,playasdelcocoproperty.com,435000,1233,352.8,yes,yes,2026-10-07
playas-del-coco,playasdelcocoproperty.com,425000,914,465.0,yes,yes,2026-10-07
playas-del-coco,playasdelcocoproperty.com,400000,1549,258.2,yes,yes,2026-10-07
playas-del-coco,playasdelcocoproperty.com,130000,700,185.7,yes,yes,2026-10-07
playas-del-coco,century21costarica.com,1605000,38000,42.2,yes,unknown,2026-10-07
playas-del-coco,playasdelcocoproperty.com,1300000,8239,157.8,unknown,yes,2026-10-07
playas-del-coco,century21costarica.com,1250000,682,1833.1,unknown,unknown,2026-10-07
playas-del-coco,coldwellbankercr.com,850000,7100,119.7,unknown,yes,2026-10-07
playas-del-coco,century21costarica.com,790000,1449,545.2,unknown,unknown,2026-10-07
playas-del-coco,coldwellbankercr.com,695000,1458,476.7,unknown,unknown,2026-10-07
playas-del-coco,century21costarica.com,665000,8803,75.5,unknown,unknown,2026-10-07
playas-del-coco,playasdelcocoproperty.com,649000,735,883.0,yes,yes,2026-10-07
playas-del-coco,coldwellbankercr.com,500000,5242,95.4,yes,yes,2026-10-07
playas-del-coco,century21costarica.com,440000,700,628.6,unknown,unknown,2026-10-07
playas-del-coco,playasdelcocoproperty.com,399000,11736,34.0,yes,no,2026-10-07
playas-del-coco,playasdelcocoproperty.com,389000,1100,353.6,yes,yes,2026-10-07
playas-del-coco,playasdelcocoproperty.com,380000,3647,104.2,yes,yes,2026-10-07
playas-del-coco,playasdelcocoproperty.com,355000,1706,208.1,unknown,yes,2026-10-07
playas-del-coco,century21costarica.com,350000,4900,71.4,yes,unknown,2026-10-07
playas-del-coco,century21costarica.com,305000,2752,110.8,unknown,unknown,2026-10-07
playas-del-coco,playasdelcocoproperty.com,299000,1735,172.3,yes,yes,2026-10-07
playas-del-coco,century21costarica.com,295000,475,621.1,unknown,unknown,2026-10-07
playas-del-coco,playasdelcocoproperty.com,289000,5743,50.3,yes,yes,2026-10-07
playas-del-coco,coldwellbankercr.com,279900,1169,239.4,unknown,yes,2026-10-07
playas-del-coco,playasdelcocoproperty.com,265000,1040,254.8,yes,yes,2026-10-07
playas-del-coco,playasdelcocoproperty.com,265000,2737,96.8,yes,yes,2026-10-07
playas-del-coco,playasdelcocoproperty.com,255000,860,296.5,yes,yes,2026-10-07
playas-del-coco,century21costarica.com,250000,587,426.1,unknown,unknown,2026-10-07
playas-del-coco,coldwellbankercr.com,249900,5000,50.0,yes,unknown,2026-10-07
playas-del-coco,playasdelcocoproperty.com,205000,860,238.4,yes,yes,2026-10-07
playas-del-coco,century21costarica.com,200000,3097,64.6,unknown,yes,2026-10-07
playas-del-coco,playasdelcocoproperty.com,199000,3937,50.5,yes,yes,2026-10-07
playas-del-coco,playasdelcocoproperty.com,199000,413,481.8,yes,unknown,2026-10-07
playas-del-coco,coldwellbankercr.com,197000,2117,93.1,yes,unknown,2026-10-07
playas-del-coco,playasdelcocoproperty.com,195000,1080,180.6,yes,yes,2026-10-07
playas-del-coco,century21costarica.com,195000,2000,97.5,unknown,unknown,2026-10-07
playas-del-coco,playasdelcocoproperty.com,175000,945,185.2,yes,no,2026-10-07
playas-del-coco,playasdelcocoproperty.com,175000,1230,142.3,yes,no,2026-10-07
playas-del-coco,century21costarica.com,165000,3100,53.2,yes,unknown,2026-10-07
playas-del-coco,century21costarica.com,165000,5692,29.0,unknown,unknown,2026-10-07
playas-del-coco,coldwellbankercr.com,160000,5000,32.0,yes,yes,2026-10-07
playas-del-coco,playasdelcocoproperty.com,149000,3633,41.0,yes,yes,2026-10-07
playas-del-coco,century21costarica.com,149000,7351,20.3,yes,yes,2026-10-07
playas-del-coco,playasdelcocoproperty.com,125000,6860,18.2,unknown,yes,2026-10-07
playas-del-coco,playasdelcocoproperty.com,120000,2264,53.0,unknown,yes,2026-10-07
playas-del-coco,playasdelcocoproperty.com,120000,2500,48.0,yes,yes,2026-10-07
playas-del-coco,playasdelcocoproperty.com,120000,768,156.3,unknown,unknown,2026-10-07
playas-del-coco,playasdelcocoproperty.com,112000,5059,22.1,unknown,yes,2026-10-07
playas-del-coco,playasdelcocoproperty.com,110000,3000,36.7,yes,yes,2026-10-07
playas-del-coco,playasdelcocoproperty.com,105000,3000,35.0,yes,yes,2026-10-07
playas-del-coco,playasdelcocoproperty.com,105000,2600,40.4,yes,yes,2026-10-07
playas-del-coco,century21costarica.com,105000,2700,38.9,unknown,unknown,2026-10-07
playas-del-coco,playasdelcocoproperty.com,100000,199,502.5,unknown,yes,2026-10-07
papagayo,century21costarica.com,3300000,13500,244.4,yes,unknown,2026-10-07
papagayo,playasdelcocoproperty.com,550000,10000,55.0,yes,unknown,2026-10-07
uvita,dominicalrealty.com,112500,2974,37.8,unknown,yes,2026-10-07
uvita,dominicalrealty.com,345000,15782,21.9,yes,unknown,2026-10-07
dominical,dominicalrealty.com,850000,6938,122.5,yes,yes,2026-10-07
uvita,dominicalrealty.com,399850,8093,49.4,yes,unknown,2026-10-07
uvita,dominicalrealty.com,799000,24281,32.9,yes,unknown,2026-10-07
dominical,dominicalrealty.com,299000,15983,18.7,unknown,yes,2026-10-07
uvita,dominicalrealty.com,349000,2252,155.0,yes,unknown,2026-10-07
uvita,dominicalrealty.com,149000,5077,29.4,no,unknown,2026-10-07
uvita,dominicalrealty.com,124950,5849,21.4,yes,yes,2026-10-07
uvita,dominicalrealty.com,122900,7639,16.1,yes,unknown,2026-10-07
uvita,dominicalrealty.com,150000,4856,30.9,no,unknown,2026-10-07
uvita,dominicalrealty.com,700000,44475,15.7,yes,unknown,2026-10-07
dominical,dominicalrealty.com,1500000,20000,75.0,yes,unknown,2026-10-07
dominical,dominicalrealty.com,125000,5000,25.0,yes,unknown,2026-10-07
uvita,dominicalrealty.com,99000,809,122.4,yes,yes,2026-10-07
uvita,dominicalrealty.com,279000,23434,11.9,yes,yes,2026-10-07
dominical,dominicalrealty.com,449000,6077,73.9,yes,yes,2026-10-07
dominical,dominicalrealty.com,599000,8071,74.2,yes,unknown,2026-10-07
dominical,dominicalrealty.com,425000,11272,37.7,yes,unknown,2026-10-07
dominical,dominicalrealty.com,389000,18326,21.2,yes,unknown,2026-10-07
uvita,dominicalrealty.com,79000,900,87.8,no,unknown,2026-10-07
uvita,dominicalrealty.com,149000,8739,17.1,no,unknown,2026-10-07
uvita,dominicalrealty.com,235000,35045,6.7,yes,unknown,2026-10-07
uvita,dominicalrealty.com,349000,8903,39.2,no,unknown,2026-10-07
uvita,dominicalrealty.com,396500,20234,19.6,yes,unknown,2026-10-07
dominical,dominicalrealty.com,155000,6832,22.7,no,yes,2026-10-07
uvita,dominicalrealty.com,250000,12330,20.3,no,unknown,2026-10-07
uvita,dominicalrealty.com,90000,2013,44.7,no,yes,2026-10-07
uvita,dominicalrealty.com,250000,2765,90.4,yes,yes,2026-10-07
uvita,dominicalrealty.com,135000,3000,45.0,no,unknown,2026-10-07
uvita,dominicalrealty.com,145000,7967,18.2,yes,unknown,2026-10-07
uvita,dominicalrealty.com,85000,8026,10.6,yes,unknown,2026-10-07
uvita,dominicalrealty.com,175000,29846,5.9,yes,yes,2026-10-07
uvita,dominicalrealty.com,119995,5849,20.5,unknown,yes,2026-10-07
uvita,dominicalrealty.com,199900,1612,124.0,yes,unknown,2026-10-07
uvita,dominicalrealty.com,89000,6474,13.8,no,yes,2026-10-07
dominical,dominicalrealty.com,795000,24598,32.3,yes,yes,2026-10-07
dominical,dominicalrealty.com,2400000,4145,579.0,yes,unknown,2026-10-07
uvita,dominicalrealty.com,159000,1359,117.0,yes,yes,2026-10-07
dominical,dominicalrealty.com,159000,1171,135.8,no,unknown,2026-10-07
uvita,dominicalrealty.com,110000,5499,20.0,yes,unknown,2026-10-07
dominical,dominicalrealty.com,180000,10998,16.4,yes,unknown,2026-10-07
dominical,dominicalrealty.com,4800000,19026,252.3,yes,yes,2026-10-07
uvita,dominicalrealty.com,249000,15567,16.0,yes,unknown,2026-10-07
dominical,dominicalrealty.com,415000,5000,83.0,yes,unknown,2026-10-07
uvita,dominicalrealty.com,240000,11200,21.4,yes,yes,2026-10-07
dominical,dominicalrealty.com,365000,14470,25.2,yes,unknown,2026-10-07
dominical,dominicalrealty.com,269000,12140,22.2,no,unknown,2026-10-07
dominical,dominicalrealty.com,485000,19263,25.2,yes,unknown,2026-10-07
dominical,dominicalrealty.com,325000,9712,33.5,yes,yes,2026-10-07
dominical,dominicalrealty.com,299000,20679,14.5,yes,unknown,2026-10-07
dominical,dominicalrealty.com,575000,5190,110.8,yes,yes,2026-10-07
dominical,dominicalrealty.com,345000,27336,12.6,no,unknown,2026-10-07
uvita,dominicalrealty.com,159000,6400,24.8,no,unknown,2026-10-07
uvita,dominicalrealty.com,179000,11571,15.5,no,unknown,2026-10-07
dominical,dominicalrealty.com,150000,24376,6.2,no,unknown,2026-10-07
dominical,dominicalrealty.com,349000,7318,47.7,yes,unknown,2026-10-07
uvita,dominicalrealty.com,105000,1201,87.4,no,unknown,2026-10-07
uvita,dominicalrealty.com,5500000,34190,160.9,yes,unknown,2026-10-07
dominical,dominicalrealty.com,245000,7187,34.1,yes,yes,2026-10-07
dominical,dominicalrealty.com,325000,5009,64.9,yes,yes,2026-10-07
dominical,dominicalrealty.com,9900000,31629,313.0,yes,unknown,2026-10-07
dominical,dominicalrealty.com,399000,6077,65.7,yes,yes,2026-10-07
uvita,dominicalrealty.com,99000,2387,41.5,yes,yes,2026-10-07
dominical,dominicalrealty.com,265000,11548,22.9,no,yes,2026-10-07
dominical,dominicalrealty.com,5400000,19026,283.8,yes,unknown,2026-10-07
dominical,dominicalrealty.com,1550000,39095,39.6,yes,unknown,2026-10-07
dominical,dominicalrealty.com,1249000,5303,235.5,unknown,yes,2026-10-07
dominical,dominicalrealty.com,995000,6706,148.4,yes,yes,2026-10-07
dominical,dominicalrealty.com,99000,2010,49.2,no,unknown,2026-10-07
dominical,dominicalrealty.com,699000,30561,22.9,yes,yes,2026-10-07
uvita,dominicalrealty.com,275000,7689,35.8,yes,yes,2026-10-07
uvita,dominicalrealty.com,199000,6547,30.4,yes,unknown,2026-10-07
dominical,dominicalrealty.com,495000,4761,104.0,yes,unknown,2026-10-07
uvita,dominicalrealty.com,199000,10000,19.9,yes,unknown,2026-10-07
uvita,dominicalrealty.com,249900,2055,121.6,yes,unknown,2026-10-07
uvita,dominicalrealty.com,425000,22257,19.1,yes,unknown,2026-10-07
uvita,osatropicalproperties.com,195000,939,207.7,unknown,yes,2026-10-07
uvita,osatropicalproperties.com,259000,1403,184.6,unknown,unknown,2026-10-07
uvita,osatropicalproperties.com,270000,5058,53.4,yes,unknown,2026-10-07
uvita,osatropicalproperties.com,185000,6498,28.5,no,unknown,2026-10-07
uvita,osatropicalproperties.com,345000,4866,70.9,yes,unknown,2026-10-07
uvita,osatropicalproperties.com,149000,5260,28.3,no,unknown,2026-10-07
uvita,osatropicalproperties.com,199000,6070,32.8,yes,unknown,2026-10-07
uvita,osatropicalproperties.com,279000,6070,46.0,yes,unknown,2026-10-07
uvita,osatropicalproperties.com,285000,7003,40.7,yes,unknown,2026-10-07
dominical,osatropicalproperties.com,350000,7082,49.4,yes,yes,2026-10-07
uvita,osatropicalproperties.com,699000,5000,139.8,no,yes,2026-10-07
uvita,osatropicalproperties.com,225000,9955,22.6,yes,unknown,2026-10-07
uvita,osatropicalproperties.com,220000,10158,21.7,yes,unknown,2026-10-07
uvita,osatropicalproperties.com,112000,14550,7.7,yes,unknown,2026-10-07
uvita,osatropicalproperties.com,329000,17515,18.8,no,unknown,2026-10-07
dominical,osatropicalproperties.com,335000,35976,9.3,yes,yes,2026-10-07
uvita,osatropicalproperties.com,159000,5050,31.5,yes,yes,2026-10-07
uvita,osatropicalproperties.com,20000,915,21.9,no,yes,2026-10-07
uvita,osatropicalproperties.com,39900,1018,39.2,no,yes,2026-10-07
uvita,osatropicalproperties.com,414660,6911,60.0,unknown,unknown,2026-10-07
uvita,osatropicalproperties.com,274000,2073,132.2,yes,unknown,2026-10-07
uvita,osatropicalproperties.com,175000,824,212.4,unknown,unknown,2026-10-07
uvita,osatropicalproperties.com,115000,1011,113.8,no,unknown,2026-10-07
uvita,osatropicalproperties.com,149900,2124,70.6,yes,unknown,2026-10-07
uvita,osatropicalproperties.com,495000,9342,53.0,yes,yes,2026-10-07
uvita,osatropicalproperties.com,135000,763,176.9,no,unknown,2026-10-07
uvita,osatropicalproperties.com,155000,7259,21.4,no,unknown,2026-10-07
uvita,osatropicalproperties.com,105000,420,250.0,unknown,unknown,2026-10-07
uvita,osatropicalproperties.com,98500,533,184.8,unknown,unknown,2026-10-07
uvita,osatropicalproperties.com,150000,5360,28.0,no,unknown,2026-10-07
uvita,osatropicalproperties.com,155000,9748,15.9,no,unknown,2026-10-07
uvita,osatropicalproperties.com,150000,5770,26.0,no,unknown,2026-10-07
uvita,osatropicalproperties.com,180000,7125,25.3,no,unknown,2026-10-07
uvita,osatropicalproperties.com,160000,7424,21.6,no,unknown,2026-10-07
uvita,osatropicalproperties.com,219000,9329,23.5,yes,unknown,2026-10-07
uvita,osatropicalproperties.com,27900,542,51.5,no,unknown,2026-10-07
uvita,osatropicalproperties.com,550000,3382,162.6,unknown,unknown,2026-10-07
uvita,osatropicalproperties.com,319000,6070,52.5,yes,unknown,2026-10-07
uvita,osatropicalproperties.com,170000,2995,56.8,unknown,unknown,2026-10-07
dominical,osatropicalproperties.com,299000,32375,9.2,yes,yes,2026-10-07
uvita,osatropicalproperties.com,159000,8847,18.0,yes,unknown,2026-10-07
dominical,osatropicalproperties.com,799000,23475,34.0,yes,yes,2026-10-07
uvita,osatropicalproperties.com,39000,2249,17.3,unknown,yes,2026-10-07
uvita,osatropicalproperties.com,320000,5000,64.0,yes,yes,2026-10-07
uvita,osatropicalproperties.com,349500,9712,36.0,yes,unknown,2026-10-07
uvita,osatropicalproperties.com,215000,1893,113.6,yes,unknown,2026-10-07
uvita,osatropicalproperties.com,550000,11488,47.9,yes,yes,2026-10-07
uvita,osatropicalproperties.com,35000,1119,31.3,no,yes,2026-10-07
dominical,osatropicalproperties.com,499000,5260,94.9,unknown,unknown,2026-10-07
uvita,osatropicalproperties.com,760000,14016,54.2,yes,unknown,2026-10-07
uvita,osatropicalproperties.com,220000,2012,109.3,unknown,unknown,2026-10-07
uvita,osatropicalproperties.com,499000,8262,60.4,yes,unknown,2026-10-07
uvita,osatropicalproperties.com,180000,1403,128.3,unknown,unknown,2026-10-07
dominical,osatropicalproperties.com,1100000,6920,159.0,yes,yes,2026-10-07
uvita,osatropicalproperties.com,195000,5218,37.4,yes,yes,2026-10-07
uvita,osatropicalproperties.com,234996,8902,26.4,unknown,unknown,2026-10-07
uvita,osatropicalproperties.com,399000,5724,69.7,yes,unknown,2026-10-07
uvita,osatropicalproperties.com,850000,12843,66.2,yes,unknown,2026-10-07
dominical,osatropicalproperties.com,449000,3400,132.1,yes,yes,2026-10-07
uvita,osatropicalproperties.com,445000,20000,22.2,yes,unknown,2026-10-07
uvita,osatropicalproperties.com,35000,885,39.5,unknown,yes,2026-10-07
uvita,osatropicalproperties.com,199000,3348,59.4,yes,unknown,2026-10-07
uvita,osatropicalproperties.com,199000,5343,37.2,yes,yes,2026-10-07
uvita,osatropicalproperties.com,595000,25454,23.4,yes,unknown,2026-10-07
uvita,osatropicalproperties.com,285000,2981,95.6,yes,yes,2026-10-07
uvita,osatropicalproperties.com,189000,5101,37.0,yes,yes,2026-10-07
uvita,osatropicalproperties.com,155000,4097,37.8,yes,yes,2026-10-07
dominical,osatropicalproperties.com,395000,5002,79.0,yes,unknown,2026-10-07
uvita,osatropicalproperties.com,1100000,22868,48.1,yes,unknown,2026-10-07
dominical,osatropicalproperties.com,3000000,29715,101.0,yes,unknown,2026-10-07
uvita,osatropicalproperties.com,180000,11571,15.6,no,unknown,2026-10-07
uvita,osatropicalproperties.com,155000,600,258.3,unknown,unknown,2026-10-07
uvita,osatropicalproperties.com,144000,1315,109.5,unknown,unknown,2026-10-07
uvita,osatropicalproperties.com,545000,13897,39.2,yes,unknown,2026-10-07
uvita,osatropicalproperties.com,199000,6332,31.4,yes,unknown,2026-10-07
uvita,osatropicalproperties.com,125000,2906,43.0,unknown,unknown,2026-10-07
uvita,osatropicalproperties.com,185000,18183,10.2,unknown,unknown,2026-10-07
uvita,osatropicalproperties.com,199000,33822,5.9,unknown,yes,2026-10-07
uvita,osatropicalproperties.com,215000,1700,126.5,unknown,unknown,2026-10-07
uvita,osatropicalproperties.com,475000,8438,56.3,unknown,unknown,2026-10-07
uvita,osatropicalproperties.com,170000,500,340.0,no,unknown,2026-10-07
uvita,osatropicalproperties.com,229000,1254,182.6,unknown,unknown,2026-10-07
uvita,osatropicalproperties.com,160000,6398,25.0,no,yes,2026-10-07
uvita,osatropicalproperties.com,275000,8994,30.6,yes,unknown,2026-10-07
uvita,osatropicalproperties.com,989000,16699,59.2,yes,unknown,2026-10-07
uvita,osatropicalproperties.com,149000,1225,121.6,unknown,unknown,2026-10-07
uvita,osatropicalproperties.com,585000,9789,59.8,unknown,unknown,2026-10-07
uvita,osatropicalproperties.com,39000,564,69.2,yes,yes,2026-10-07
uvita,osatropicalproperties.com,149000,12435,12.0,no,unknown,2026-10-07
uvita,osatropicalproperties.com,549000,2000,274.5,unknown,unknown,2026-10-07
uvita,osatropicalproperties.com,595000,10000,59.5,unknown,unknown,2026-10-07
uvita,osatropicalproperties.com,695000,12667,54.9,yes,yes,2026-10-07
uvita,osatropicalproperties.com,249000,7439,33.5,unknown,unknown,2026-10-07
uvita,osatropicalproperties.com,130000,2908,44.7,no,unknown,2026-10-07
dominical,osatropicalproperties.com,165000,1133,145.6,unknown,unknown,2026-10-07
uvita,osatropicalproperties.com,190000,9867,19.3,no,unknown,2026-10-07
uvita,osatropicalproperties.com,264000,16996,15.5,yes,unknown,2026-10-07
uvita,osatropicalproperties.com,399000,23876,16.7,no,unknown,2026-10-07
uvita,osatropicalproperties.com,359000,7691,46.7,yes,unknown,2026-10-07
uvita,osatropicalproperties.com,595000,9040,65.8,yes,unknown,2026-10-07
dominical,osatropicalproperties.com,199000,28328,7.0,no,unknown,2026-10-07
uvita,osatropicalproperties.com,249000,3081,80.8,yes,unknown,2026-10-07
uvita,osatropicalproperties.com,225000,1600,140.6,no,unknown,2026-10-07
uvita,osatropicalproperties.com,850000,5000,170.0,yes,unknown,2026-10-07
uvita,osatropicalproperties.com,499000,9040,55.2,yes,unknown,2026-10-07
uvita,osatropicalproperties.com,199000,5598,35.5,no,unknown,2026-10-07
uvita,osatropicalproperties.com,325000,20000,16.2,unknown,unknown,2026-10-07
uvita,osatropicalproperties.com,225000,7556,29.8,unknown,unknown,2026-10-07
uvita,osatropicalproperties.com,320000,15270,21.0,yes,unknown,2026-10-07
uvita,osatropicalproperties.com,250000,10079,24.8,no,unknown,2026-10-07
uvita,osatropicalproperties.com,4995000,43172,115.7,yes,unknown,2026-10-07
uvita,osatropicalproperties.com,350000,1337,261.8,yes,yes,2026-10-07
uvita,osatropicalproperties.com,480000,10000,48.0,yes,unknown,2026-10-07
uvita,osatropicalproperties.com,78000,400,195.0,unknown,unknown,2026-10-07
dominical,osatropicalproperties.com,890000,17265,51.5,yes,yes,2026-10-07
uvita,osatropicalproperties.com,169000,6640,25.4,no,unknown,2026-10-07
uvita,osatropicalproperties.com,245000,1242,197.3,unknown,unknown,2026-10-07
puerto-viejo,360caribe.com,97000,4206,23.1,no,unknown,2026-10-07
puerto-viejo,360caribe.com,420000,21653,19.4,unknown,unknown,2026-10-07
puerto-viejo,360caribe.com,90000,1800,50.0,no,unknown,2026-10-07
puerto-viejo,360caribe.com,79000,2000,39.5,unknown,unknown,2026-10-07
puerto-viejo,360caribe.com,129000,1129,114.3,unknown,unknown,2026-10-07
puerto-viejo,360caribe.com,95000,1547,61.4,unknown,unknown,2026-10-07
puerto-viejo,360caribe.com,125000,3000,41.7,unknown,unknown,2026-10-07
puerto-viejo,360caribe.com,500000,14001,35.7,yes,unknown,2026-10-07
puerto-viejo,360caribe.com,250000,3483,71.8,yes,unknown,2026-10-07
puerto-viejo,360caribe.com,96160,1202,80.0,unknown,unknown,2026-10-07
puerto-viejo,360caribe.com,85000,1018,83.5,no,unknown,2026-10-07
puerto-viejo,360caribe.com,1900000,28975,65.6,unknown,unknown,2026-10-07
puerto-viejo,360caribe.com,104000,1037,100.3,no,unknown,2026-10-07
puerto-viejo,360caribe.com,180000,1180,152.5,no,unknown,2026-10-07
puerto-viejo,360caribe.com,229000,4729,48.4,unknown,unknown,2026-10-07
puerto-viejo,360caribe.com,380000,12687,29.9,unknown,unknown,2026-10-07
puerto-viejo,360caribe.com,89000,911,97.7,unknown,yes,2026-10-07
puerto-viejo,360caribe.com,80000,1000,80.0,unknown,unknown,2026-10-07
puerto-viejo,360caribe.com,159400,1594,100.0,unknown,unknown,2026-10-07
puerto-viejo,360caribe.com,178400,1784,100.0,unknown,unknown,2026-10-07
puerto-viejo,360caribe.com,158000,2130,74.2,unknown,unknown,2026-10-07
puerto-viejo,360caribe.com,184000,2487,74.0,unknown,unknown,2026-10-07
puerto-viejo,360caribe.com,218000,2947,74.0,unknown,unknown,2026-10-07
puerto-viejo,360caribe.com,600000,20000,30.0,unknown,unknown,2026-10-07
puerto-viejo,360caribe.com,115000,2500,46.0,unknown,unknown,2026-10-07
puerto-viejo,360caribe.com,595000,10000,59.5,unknown,unknown,2026-10-07
puerto-viejo,risecaribe.com,260000,5133,50.6,unknown,unknown,2026-10-07
puerto-viejo,risecaribe.com,499000,5740,86.9,yes,unknown,2026-10-07
puerto-viejo,risecaribe.com,150000,2050,73.2,unknown,unknown,2026-10-07
puerto-viejo,risecaribe.com,260000,3584,72.5,unknown,unknown,2026-10-07
puerto-viejo,risecaribe.com,140000,1800,77.8,no,unknown,2026-10-07
puerto-viejo,risecaribe.com,183000,1925,95.1,unknown,unknown,2026-10-07
puerto-viejo,risecaribe.com,240000,3300,72.7,yes,unknown,2026-10-07
puerto-viejo,risecaribe.com,299000,8050,37.1,unknown,unknown,2026-10-07
puerto-viejo,risecaribe.com,299000,7450,40.1,unknown,unknown,2026-10-07
puerto-viejo,risecaribe.com,380000,6600,57.6,unknown,unknown,2026-10-07
puerto-viejo,risecaribe.com,389000,5200,74.8,unknown,unknown,2026-10-07
puerto-viejo,risecaribe.com,342000,6100,56.1,unknown,unknown,2026-10-07
puerto-viejo,risecaribe.com,345000,5500,62.7,unknown,unknown,2026-10-07
puerto-viejo,risecaribe.com,335000,5100,65.7,unknown,unknown,2026-10-07
puerto-viejo,risecaribe.com,435000,5900,73.7,unknown,unknown,2026-10-07
puerto-viejo,risecaribe.com,550000,5850,94.0,unknown,unknown,2026-10-07
puerto-viejo,risecaribe.com,399000,5850,68.2,unknown,unknown,2026-10-07
puerto-viejo,risecaribe.com,341000,10500,32.5,unknown,unknown,2026-10-07
puerto-viejo,caribesurrealestate.com,200920,5023,40.0,unknown,unknown,2026-10-07
